timestamp,src_ip,dst_ip,protocol,packet_count,byte_count,duration_sec,flags,label
2025-01-01 00:00:00,192.168.0.81,10.0.0.2,TCP,18,13548,0.56,FIN,benign
2025-01-01 00:01:00,192.168.0.115,10.0.0.32,ICMP,16,13599,0.49,PSH,DoS
2025-01-01 00:02:00,192.168.0.92,10.0.0.65,UDP,20,8186,6.4,SYN,DoS
2025-01-01 00:03:00,192.168.0.48,10.0.0.217,ICMP,16,5319,0.96,SYN,benign
2025-01-01 00:04:00,192.168.0.247,10.0.0.146,ICMP,17,4770,3.02,URG,benign
2025-01-01 00:05:00,192.168.0.187,10.0.0.1,UDP,19,7414,3.94,FIN,benign
2025-01-01 00:06:00,192.168.0.37,10.0.0.73,TCP,22,13273,0.63,FIN,benign
2025-01-01 00:07:00,192.168.0.155,10.0.0.81,ICMP,25,9761,0.02,SYN,DoS
2025-01-01 00:08:00,192.168.0.49,10.0.0.150,TCP,19,14561,6.71,FIN,DoS
2025-01-01 00:09:00,192.168.0.166,10.0.0.108,ICMP,17,11076,0.38,RST,benign
2025-01-01 00:10:00,192.168.0.30,10.0.0.130,ICMP,26,507,0.1,RST,benign
2025-01-01 00:11:00,192.168.0.121,10.0.0.37,TCP,16,6400,3.35,PSH,benign
2025-01-01 00:12:00,192.168.0.223,10.0.0.204,TCP,18,10568,0.57,PSH,benign
2025-01-01 00:13:00,192.168.0.175,10.0.0.83,UDP,25,5726,8.53,ACK,benign
2025-01-01 00:14:00,192.168.0.96,10.0.0.52,ICMP,18,678,1.24,FIN,DoS
2025-01-01 00:15:00,192.168.0.35,10.0.0.164,ICMP,26,5275,0.06,PSH,benign
2025-01-01 00:16:00,192.168.0.168,10.0.0.247,UDP,25,737,7.23,SYN,benign
2025-01-01 00:17:00,192.168.0.25,10.0.0.30,ICMP,12,1184,1.38,SYN,benign
2025-01-01 00:18:00,192.168.0.177,10.0.0.81,ICMP,18,13420,1.43,SYN,benign
2025-01-01 00:19:00,192.168.0.210,10.0.0.137,UDP,20,5383,1.26,ACK,benign
2025-01-01 00:20:00,192.168.0.178,10.0.0.157,UDP,13,6711,1.21,SYN,benign
2025-01-01 00:21:00,192.168.0.133,10.0.0.193,ICMP,22,2544,1.86,PSH,benign
2025-01-01 00:22:00,192.168.0.93,10.0.0.54,TCP,22,9759,1.24,FIN,benign
2025-01-01 00:23:00,192.168.0.15,10.0.0.149,UDP,24,1684,1.54,PSH,DoS
2025-01-01 00:24:00,192.168.0.124,10.0.0.28,ICMP,28,14867,1.0,RST,benign
2025-01-01 00:25:00,192.168.0.71,10.0.0.143,TCP,23,3685,0.37,URG,benign
2025-01-01 00:26:00,192.168.0.139,10.0.0.40,UDP,15,8520,1.54,SYN,benign
2025-01-01 00:27:00,192.168.0.127,10.0.0.129,UDP,14,4499,0.59,SYN,benign
2025-01-01 00:28:00,192.168.0.51,10.0.0.63,UDP,16,1577,1.98,RST,DoS
2025-01-01 00:29:00,192.168.0.153,10.0.0.58,UDP,24,9895,0.42,URG,benign
2025-01-01 00:30:00,192.168.0.246,10.0.0.243,ICMP,20,6816,0.25,SYN,benign
2025-01-01 00:31:00,192.168.0.108,10.0.0.186,ICMP,20,14810,1.96,PSH,benign
2025-01-01 00:32:00,192.168.0.253,10.0.0.105,TCP,20,14258,1.45,FIN,benign
2025-01-01 00:33:00,192.168.0.128,10.0.0.246,ICMP,16,6987,1.38,ACK,benign
2025-01-01 00:34:00,192.168.0.57,10.0.0.23,TCP,20,3673,0.89,SYN,benign
2025-01-01 00:35:00,192.168.0.62,10.0.0.211,TCP,29,8373,2.53,RST,benign
2025-01-01 00:36:00,192.168.0.76,10.0.0.245,UDP,15,9534,5.65,SYN,benign
2025-01-01 00:37:00,192.168.0.217,10.0.0.20,UDP,16,5582,1.54,FIN,benign
2025-01-01 00:38:00,192.168.0.3,10.0.0.80,ICMP,11,1750,6.03,FIN,benign
2025-01-01 00:39:00,192.168.0.119,10.0.0.224,UDP,22,6238,1.47,ACK,benign
2025-01-01 00:40:00,192.168.0.196,10.0.0.145,ICMP,16,9830,0.2,SYN,DoS
2025-01-01 00:41:00,192.168.0.156,10.0.0.180,ICMP,24,3424,0.7,SYN,DoS
2025-01-01 00:42:00,192.168.0.57,10.0.0.105,TCP,29,9724,1.41,SYN,benign
2025-01-01 00:43:00,192.168.0.12,10.0.0.101,ICMP,19,7635,1.42,ACK,benign
2025-01-01 00:44:00,192.168.0.15,10.0.0.112,TCP,16,6940,1.18,FIN,benign
2025-01-01 00:45:00,192.168.0.206,10.0.0.151,ICMP,23,14092,0.91,SYN,benign
2025-01-01 00:46:00,192.168.0.26,10.0.0.179,TCP,23,9446,0.15,PSH,benign
2025-01-01 00:47:00,192.168.0.43,10.0.0.40,TCP,21,1376,1.76,ACK,DoS
2025-01-01 00:48:00,192.168.0.149,10.0.0.50,UDP,22,7535,1.6,PSH,DoS
2025-01-01 00:49:00,192.168.0.112,10.0.0.116,ICMP,15,4431,1.85,FIN,DoS
2025-01-01 00:50:00,192.168.0.110,10.0.0.231,UDP,19,13847,0.94,SYN,benign
2025-01-01 00:51:00,192.168.0.246,10.0.0.4,TCP,22,10002,0.19,ACK,benign
2025-01-01 00:52:00,192.168.0.102,10.0.0.128,TCP,16,4654,1.78,RST,benign
2025-01-01 00:53:00,192.168.0.62,10.0.0.117,UDP,33,10878,0.44,FIN,benign
2025-01-01 00:54:00,192.168.0.240,10.0.0.176,TCP,23,14137,3.5,FIN,DoS
2025-01-01 00:55:00,192.168.0.79,10.0.0.178,UDP,8,4098,1.2,FIN,benign
2025-01-01 00:56:00,192.168.0.251,10.0.0.2,UDP,30,11695,6.83,RST,benign
2025-01-01 00:57:00,192.168.0.72,10.0.0.26,ICMP,18,7029,2.03,FIN,DoS
2025-01-01 00:58:00,192.168.0.136,10.0.0.1,UDP,19,14631,0.15,PSH,benign
2025-01-01 00:59:00,192.168.0.107,10.0.0.195,ICMP,13,7422,0.37,RST,benign
2025-01-01 01:00:00,192.168.0.198,10.0.0.25,UDP,19,2011,0.4,URG,benign
2025-01-01 01:01:00,192.168.0.3,10.0.0.238,ICMP,20,13384,2.07,PSH,benign
2025-01-01 01:02:00,192.168.0.191,10.0.0.102,ICMP,19,9590,1.68,RST,benign
2025-01-01 01:03:00,192.168.0.177,10.0.0.109,ICMP,24,9115,1.37,PSH,benign
2025-01-01 01:04:00,192.168.0.126,10.0.0.235,UDP,18,13681,0.04,SYN,benign
2025-01-01 01:05:00,192.168.0.13,10.0.0.64,ICMP,19,11347,0.66,PSH,benign
2025-01-01 01:06:00,192.168.0.25,10.0.0.175,UDP,18,12966,1.08,RST,benign
2025-01-01 01:07:00,192.168.0.133,10.0.0.15,UDP,19,572,1.73,ACK,benign
2025-01-01 01:08:00,192.168.0.1,10.0.0.166,ICMP,18,8436,4.05,RST,benign
2025-01-01 01:09:00,192.168.0.133,10.0.0.115,TCP,23,3124,5.8,RST,benign
2025-01-01 01:10:00,192.168.0.212,10.0.0.199,UDP,15,13925,1.35,PSH,benign
2025-01-01 01:11:00,192.168.0.244,10.0.0.48,UDP,31,12085,2.45,RST,benign
2025-01-01 01:12:00,192.168.0.38,10.0.0.149,ICMP,19,11881,0.48,RST,benign
2025-01-01 01:13:00,192.168.0.211,10.0.0.202,UDP,19,8369,2.42,URG,DoS
2025-01-01 01:14:00,192.168.0.107,10.0.0.7,TCP,18,9130,7.84,URG,benign
2025-01-01 01:15:00,192.168.0.186,10.0.0.70,TCP,29,5711,1.13,URG,benign
2025-01-01 01:16:00,192.168.0.106,10.0.0.117,UDP,14,12723,2.1,SYN,benign
2025-01-01 01:17:00,192.168.0.164,10.0.0.115,UDP,16,4738,3.7,URG,DoS
2025-01-01 01:18:00,192.168.0.76,10.0.0.101,TCP,13,13894,1.19,FIN,benign
2025-01-01 01:19:00,192.168.0.142,10.0.0.232,UDP,22,2589,3.31,RST,DoS
2025-01-01 01:20:00,192.168.0.211,10.0.0.162,TCP,20,2734,2.52,SYN,benign
2025-01-01 01:21:00,192.168.0.210,10.0.0.63,UDP,20,14356,3.43,ACK,benign
2025-01-01 01:22:00,192.168.0.248,10.0.0.12,TCP,22,11666,2.04,RST,benign
2025-01-01 01:23:00,192.168.0.27,10.0.0.4,UDP,19,13868,5.72,SYN,benign
2025-01-01 01:24:00,192.168.0.188,10.0.0.20,UDP,22,14110,1.79,SYN,benign
2025-01-01 01:25:00,192.168.0.218,10.0.0.20,UDP,13,13283,3.56,RST,benign
2025-01-01 01:26:00,192.168.0.79,10.0.0.43,UDP,21,3036,3.2,URG,benign
2025-01-01 01:27:00,192.168.0.143,10.0.0.166,ICMP,15,2743,1.42,URG,benign
2025-01-01 01:28:00,192.168.0.231,10.0.0.171,UDP,22,7548,0.42,ACK,benign
2025-01-01 01:29:00,192.168.0.19,10.0.0.191,TCP,16,3006,0.26,PSH,benign
2025-01-01 01:30:00,192.168.0.95,10.0.0.79,ICMP,24,8693,0.57,URG,benign
2025-01-01 01:31:00,192.168.0.62,10.0.0.50,UDP,26,11028,7.54,SYN,benign
2025-01-01 01:32:00,192.168.0.214,10.0.0.30,TCP,20,6769,1.03,SYN,benign
2025-01-01 01:33:00,192.168.0.187,10.0.0.3,UDP,15,8183,1.75,PSH,benign
2025-01-01 01:34:00,192.168.0.137,10.0.0.119,UDP,21,9631,2.94,FIN,benign
2025-01-01 01:35:00,192.168.0.239,10.0.0.45,ICMP,28,10782,0.56,URG,benign
2025-01-01 01:36:00,192.168.0.70,10.0.0.116,UDP,22,14844,0.5,ACK,benign
2025-01-01 01:37:00,192.168.0.235,10.0.0.130,ICMP,20,8441,8.5,ACK,benign
2025-01-01 01:38:00,192.168.0.149,10.0.0.151,UDP,24,4984,1.35,FIN,benign
2025-01-01 01:39:00,192.168.0.230,10.0.0.37,ICMP,24,3518,3.99,RST,benign
2025-01-01 01:40:00,192.168.0.108,10.0.0.202,TCP,17,9771,7.16,PSH,benign
2025-01-01 01:41:00,192.168.0.124,10.0.0.175,ICMP,12,2315,0.83,ACK,DoS
2025-01-01 01:42:00,192.168.0.71,10.0.0.9,ICMP,10,5697,1.01,PSH,benign
2025-01-01 01:43:00,192.168.0.48,10.0.0.14,ICMP,19,2856,0.66,PSH,benign
2025-01-01 01:44:00,192.168.0.60,10.0.0.34,UDP,21,11437,0.94,SYN,benign
2025-01-01 01:45:00,192.168.0.191,10.0.0.215,UDP,22,9413,1.14,PSH,benign
2025-01-01 01:46:00,192.168.0.17,10.0.0.18,ICMP,23,3542,3.09,FIN,benign
2025-01-01 01:47:00,192.168.0.65,10.0.0.139,ICMP,24,13349,3.41,RST,benign
2025-01-01 01:48:00,192.168.0.106,10.0.0.131,UDP,20,4315,0.71,FIN,benign
2025-01-01 01:49:00,192.168.0.197,10.0.0.71,ICMP,24,5711,3.1,ACK,benign
2025-01-01 01:50:00,192.168.0.254,10.0.0.15,UDP,17,549,1.41,SYN,benign
2025-01-01 01:51:00,192.168.0.183,10.0.0.247,TCP,23,6717,1.37,RST,benign
2025-01-01 01:52:00,192.168.0.225,10.0.0.192,TCP,25,3944,5.7,ACK,benign
2025-01-01 01:53:00,192.168.0.90,10.0.0.36,ICMP,21,2593,2.56,RST,benign
2025-01-01 01:54:00,192.168.0.228,10.0.0.18,UDP,20,6589,0.82,ACK,benign
2025-01-01 01:55:00,192.168.0.189,10.0.0.28,TCP,18,5841,2.82,URG,benign
2025-01-01 01:56:00,192.168.0.56,10.0.0.50,UDP,18,6924,5.46,PSH,benign
2025-01-01 01:57:00,192.168.0.69,10.0.0.175,ICMP,22,1804,1.94,SYN,benign
2025-01-01 01:58:00,192.168.0.84,10.0.0.170,TCP,19,2507,2.08,RST,benign
2025-01-01 01:59:00,192.168.0.76,10.0.0.198,UDP,15,10128,1.71,ACK,benign
2025-01-01 02:00:00,192.168.0.52,10.0.0.30,TCP,18,8067,2.18,PSH,DoS
2025-01-01 02:01:00,192.168.0.151,10.0.0.46,UDP,25,4445,0.22,FIN,DoS
2025-01-01 02:02:00,192.168.0.178,10.0.0.230,UDP,23,1261,0.64,ACK,benign
2025-01-01 02:03:00,192.168.0.121,10.0.0.230,UDP,17,13299,1.12,ACK,benign
2025-01-01 02:04:00,192.168.0.238,10.0.0.113,TCP,14,7154,0.36,RST,benign
2025-01-01 02:05:00,192.168.0.142,10.0.0.156,TCP,21,13170,0.68,ACK,benign
2025-01-01 02:06:00,192.168.0.166,10.0.0.119,ICMP,17,3563,0.33,RST,benign
2025-01-01 02:07:00,192.168.0.141,10.0.0.207,TCP,19,4969,1.97,PSH,benign
2025-01-01 02:08:00,192.168.0.253,10.0.0.231,UDP,22,7305,0.18,PSH,benign
2025-01-01 02:09:00,192.168.0.9,10.0.0.86,ICMP,17,11656,0.96,URG,benign
2025-01-01 02:10:00,192.168.0.106,10.0.0.35,ICMP,22,12390,0.67,URG,benign
2025-01-01 02:11:00,192.168.0.116,10.0.0.79,UDP,21,13650,8.02,SYN,benign
2025-01-01 02:12:00,192.168.0.87,10.0.0.154,UDP,18,12369,3.99,FIN,benign
2025-01-01 02:13:00,192.168.0.204,10.0.0.81,ICMP,25,12035,0.14,ACK,benign
2025-01-01 02:14:00,192.168.0.60,10.0.0.190,UDP,19,4244,2.45,RST,benign
2025-01-01 02:15:00,192.168.0.187,10.0.0.104,TCP,25,6632,2.45,PSH,benign
2025-01-01 02:16:00,192.168.0.84,10.0.0.198,ICMP,16,5375,1.83,ACK,benign
2025-01-01 02:17:00,192.168.0.68,10.0.0.174,TCP,17,5571,9.04,FIN,benign
2025-01-01 02:18:00,192.168.0.10,10.0.0.114,TCP,19,2416,1.97,FIN,benign
2025-01-01 02:19:00,192.168.0.115,10.0.0.110,UDP,20,13722,0.81,FIN,benign
2025-01-01 02:20:00,192.168.0.225,10.0.0.174,ICMP,22,8953,1.43,SYN,benign
2025-01-01 02:21:00,192.168.0.141,10.0.0.176,ICMP,15,11458,0.43,SYN,benign
2025-01-01 02:22:00,192.168.0.61,10.0.0.223,UDP,23,7367,1.69,ACK,benign
2025-01-01 02:23:00,192.168.0.169,10.0.0.70,TCP,15,1059,1.34,PSH,benign
2025-01-01 02:24:00,192.168.0.246,10.0.0.240,UDP,25,14944,0.72,URG,benign
2025-01-01 02:25:00,192.168.0.89,10.0.0.214,UDP,21,3774,2.42,URG,DoS
2025-01-01 02:26:00,192.168.0.151,10.0.0.157,UDP,20,2773,0.0,FIN,benign
2025-01-01 02:27:00,192.168.0.201,10.0.0.32,ICMP,18,3833,1.37,FIN,DoS
2025-01-01 02:28:00,192.168.0.213,10.0.0.196,UDP,23,9321,0.69,PSH,benign
2025-01-01 02:29:00,192.168.0.253,10.0.0.202,ICMP,17,12010,0.58,RST,benign
2025-01-01 02:30:00,192.168.0.237,10.0.0.91,ICMP,20,13536,14.71,SYN,benign
2025-01-01 02:31:00,192.168.0.209,10.0.0.41,TCP,17,5530,5.7,SYN,benign
2025-01-01 02:32:00,192.168.0.221,10.0.0.25,TCP,13,3116,0.3,SYN,benign
2025-01-01 02:33:00,192.168.0.118,10.0.0.109,ICMP,24,10757,0.11,RST,DoS
2025-01-01 02:34:00,192.168.0.41,10.0.0.155,UDP,18,3274,2.51,RST,benign
2025-01-01 02:35:00,192.168.0.203,10.0.0.80,UDP,30,5053,0.95,RST,benign
2025-01-01 02:36:00,192.168.0.213,10.0.0.104,ICMP,21,5145,18.0,ACK,benign
2025-01-01 02:37:00,192.168.0.94,10.0.0.7,ICMP,18,11168,1.51,ACK,benign
2025-01-01 02:38:00,192.168.0.119,10.0.0.237,UDP,22,2180,2.87,RST,DoS
2025-01-01 02:39:00,192.168.0.214,10.0.0.170,ICMP,23,3228,3.2,URG,benign
2025-01-01 02:40:00,192.168.0.109,10.0.0.34,TCP,25,14169,1.7,URG,benign
2025-01-01 02:41:00,192.168.0.67,10.0.0.188,TCP,21,4397,2.53,URG,benign
2025-01-01 02:42:00,192.168.0.117,10.0.0.97,TCP,27,3654,0.54,FIN,benign
2025-01-01 02:43:00,192.168.0.221,10.0.0.174,ICMP,25,11667,1.55,ACK,benign
2025-01-01 02:44:00,192.168.0.69,10.0.0.38,TCP,23,7906,1.44,FIN,DoS
2025-01-01 02:45:00,192.168.0.183,10.0.0.137,TCP,29,13243,2.02,PSH,benign
2025-01-01 02:46:00,192.168.0.87,10.0.0.195,TCP,19,7180,0.27,URG,benign
2025-01-01 02:47:00,192.168.0.56,10.0.0.66,TCP,14,8774,0.71,URG,benign
2025-01-01 02:48:00,192.168.0.62,10.0.0.68,TCP,16,9155,0.54,PSH,DoS
2025-01-01 02:49:00,192.168.0.204,10.0.0.248,TCP,20,4781,0.17,SYN,benign
2025-01-01 02:50:00,192.168.0.44,10.0.0.176,TCP,19,13695,0.26,RST,benign
2025-01-01 02:51:00,192.168.0.237,10.0.0.225,ICMP,15,9863,3.86,SYN,benign
2025-01-01 02:52:00,192.168.0.204,10.0.0.167,UDP,26,14393,8.75,PSH,DoS
2025-01-01 02:53:00,192.168.0.148,10.0.0.75,UDP,26,14813,1.48,PSH,benign
2025-01-01 02:54:00,192.168.0.253,10.0.0.152,TCP,21,5224,1.84,FIN,benign
2025-01-01 02:55:00,192.168.0.221,10.0.0.234,ICMP,22,13979,2.15,RST,benign
2025-01-01 02:56:00,192.168.0.227,10.0.0.254,UDP,25,13843,2.27,URG,DoS
2025-01-01 02:57:00,192.168.0.1,10.0.0.131,UDP,23,4312,1.21,SYN,benign
2025-01-01 02:58:00,192.168.0.163,10.0.0.134,ICMP,17,9615,1.22,RST,benign
2025-01-01 02:59:00,192.168.0.153,10.0.0.16,UDP,20,2701,2.24,RST,benign
2025-01-01 03:00:00,192.168.0.141,10.0.0.6,UDP,20,14186,3.41,PSH,benign
2025-01-01 03:01:00,192.168.0.6,10.0.0.147,TCP,19,1476,4.44,SYN,benign
2025-01-01 03:02:00,192.168.0.216,10.0.0.104,UDP,21,1019,3.23,SYN,benign
2025-01-01 03:03:00,192.168.0.130,10.0.0.195,TCP,23,3468,1.78,FIN,DoS
2025-01-01 03:04:00,192.168.0.69,10.0.0.200,TCP,30,13549,0.85,ACK,DoS
2025-01-01 03:05:00,192.168.0.113,10.0.0.8,ICMP,16,13906,0.08,URG,benign
2025-01-01 03:06:00,192.168.0.63,10.0.0.51,ICMP,26,11232,1.42,RST,benign
2025-01-01 03:07:00,192.168.0.43,10.0.0.95,TCP,26,14748,1.7,PSH,benign
2025-01-01 03:08:00,192.168.0.122,10.0.0.109,ICMP,23,13216,0.97,SYN,benign
2025-01-01 03:09:00,192.168.0.164,10.0.0.135,UDP,24,9404,0.23,PSH,benign
2025-01-01 03:10:00,192.168.0.216,10.0.0.215,TCP,16,6927,4.31,SYN,benign
2025-01-01 03:11:00,192.168.0.221,10.0.0.221,UDP,21,6986,1.9,ACK,benign
2025-01-01 03:12:00,192.168.0.70,10.0.0.224,ICMP,17,3325,3.44,FIN,benign
2025-01-01 03:13:00,192.168.0.176,10.0.0.101,UDP,19,4662,0.36,URG,benign
2025-01-01 03:14:00,192.168.0.99,10.0.0.210,ICMP,20,11325,2.74,FIN,benign
2025-01-01 03:15:00,192.168.0.37,10.0.0.43,TCP,10,7018,0.42,FIN,benign
2025-01-01 03:16:00,192.168.0.245,10.0.0.1,ICMP,24,8507,0.06,ACK,DoS
2025-01-01 03:17:00,192.168.0.230,10.0.0.105,TCP,16,3523,11.03,FIN,DoS
2025-01-01 03:18:00,192.168.0.116,10.0.0.22,ICMP,20,11219,1.09,SYN,benign
2025-01-01 03:19:00,192.168.0.133,10.0.0.198,UDP,19,4918,1.34,URG,benign
2025-01-01 03:20:00,192.168.0.8,10.0.0.229,TCP,22,3329,0.65,ACK,benign
2025-01-01 03:21:00,192.168.0.209,10.0.0.102,TCP,11,13511,7.68,URG,benign
2025-01-01 03:22:00,192.168.0.99,10.0.0.187,TCP,19,14010,2.87,ACK,benign
2025-01-01 03:23:00,192.168.0.118,10.0.0.220,ICMP,15,11907,6.27,RST,benign
2025-01-01 03:24:00,192.168.0.241,10.0.0.250,TCP,16,7612,2.65,FIN,benign
2025-01-01 03:25:00,192.168.0.84,10.0.0.127,UDP,13,5226,2.42,SYN,benign
2025-01-01 03:26:00,192.168.0.105,10.0.0.148,ICMP,24,4979,0.2,RST,benign
2025-01-01 03:27:00,192.168.0.31,10.0.0.198,ICMP,20,5178,0.22,PSH,DoS
2025-01-01 03:28:00,192.168.0.72,10.0.0.137,UDP,20,12738,0.16,PSH,DoS
2025-01-01 03:29:00,192.168.0.136,10.0.0.250,UDP,24,13369,1.76,SYN,benign
2025-01-01 03:30:00,192.168.0.88,10.0.0.214,UDP,20,7551,0.24,URG,benign
2025-01-01 03:31:00,192.168.0.246,10.0.0.165,UDP,29,9568,3.51,RST,benign
2025-01-01 03:32:00,192.168.0.56,10.0.0.94,TCP,16,5429,1.34,RST,benign
2025-01-01 03:33:00,192.168.0.77,10.0.0.252,TCP,20,7387,2.09,ACK,benign
2025-01-01 03:34:00,192.168.0.75,10.0.0.112,ICMP,18,11619,3.54,RST,benign
2025-01-01 03:35:00,192.168.0.19,10.0.0.173,TCP,24,7743,6.55,ACK,benign
2025-01-01 03:36:00,192.168.0.230,10.0.0.27,TCP,22,1402,0.52,ACK,benign
2025-01-01 03:37:00,192.168.0.11,10.0.0.138,UDP,21,9818,0.39,PSH,benign
2025-01-01 03:38:00,192.168.0.62,10.0.0.46,ICMP,16,13863,3.39,FIN,benign
2025-01-01 03:39:00,192.168.0.184,10.0.0.120,TCP,18,9926,8.36,RST,DoS
2025-01-01 03:40:00,192.168.0.171,10.0.0.174,ICMP,23,9868,1.13,SYN,benign
2025-01-01 03:41:00,192.168.0.201,10.0.0.148,ICMP,25,5507,2.92,SYN,benign
2025-01-01 03:42:00,192.168.0.72,10.0.0.195,ICMP,22,14070,1.0,FIN,DoS
2025-01-01 03:43:00,192.168.0.122,10.0.0.184,TCP,18,6631,0.68,SYN,benign
2025-01-01 03:44:00,192.168.0.78,10.0.0.33,UDP,19,5765,0.18,FIN,benign
2025-01-01 03:45:00,192.168.0.120,10.0.0.23,UDP,23,5586,2.91,RST,benign
2025-01-01 03:46:00,192.168.0.140,10.0.0.26,ICMP,24,11565,1.7,FIN,benign
2025-01-01 03:47:00,192.168.0.72,10.0.0.22,UDP,23,9143,3.8,URG,benign
2025-01-01 03:48:00,192.168.0.139,10.0.0.134,UDP,19,14768,1.74,ACK,benign
2025-01-01 03:49:00,192.168.0.166,10.0.0.101,TCP,22,13014,1.58,ACK,benign
2025-01-01 03:50:00,192.168.0.216,10.0.0.126,UDP,24,955,0.12,PSH,DoS
2025-01-01 03:51:00,192.168.0.217,10.0.0.185,TCP,16,3736,0.62,RST,benign
2025-01-01 03:52:00,192.168.0.187,10.0.0.203,ICMP,18,5328,3.12,URG,benign
2025-01-01 03:53:00,192.168.0.196,10.0.0.20,TCP,19,4817,2.69,FIN,benign
2025-01-01 03:54:00,192.168.0.129,10.0.0.48,UDP,10,14944,2.16,RST,benign
2025-01-01 03:55:00,192.168.0.224,10.0.0.35,UDP,14,1919,1.43,RST,DoS
2025-01-01 03:56:00,192.168.0.248,10.0.0.177,UDP,26,2714,5.18,ACK,benign
2025-01-01 03:57:00,192.168.0.212,10.0.0.89,UDP,24,11969,0.14,SYN,benign
2025-01-01 03:58:00,192.168.0.137,10.0.0.208,ICMP,25,5787,5.44,PSH,benign
2025-01-01 03:59:00,192.168.0.118,10.0.0.162,ICMP,19,8025,0.28,FIN,benign
2025-01-01 04:00:00,192.168.0.123,10.0.0.148,ICMP,27,13920,3.49,SYN,benign
2025-01-01 04:01:00,192.168.0.25,10.0.0.235,UDP,37,6830,1.16,RST,benign
2025-01-01 04:02:00,192.168.0.216,10.0.0.184,TCP,13,7199,0.01,ACK,benign
2025-01-01 04:03:00,192.168.0.135,10.0.0.150,UDP,17,13514,0.25,URG,benign
2025-01-01 04:04:00,192.168.0.16,10.0.0.248,UDP,16,3273,0.87,SYN,benign
2025-01-01 04:05:00,192.168.0.21,10.0.0.151,TCP,18,7175,1.06,RST,benign
2025-01-01 04:06:00,192.168.0.168,10.0.0.56,TCP,23,12554,0.51,SYN,benign
2025-01-01 04:07:00,192.168.0.213,10.0.0.107,ICMP,18,5469,2.52,URG,DoS
2025-01-01 04:08:00,192.168.0.129,10.0.0.203,UDP,15,8740,0.21,PSH,benign
2025-01-01 04:09:00,192.168.0.27,10.0.0.218,TCP,25,8917,0.43,URG,benign
2025-01-01 04:10:00,192.168.0.6,10.0.0.108,UDP,26,7678,3.03,ACK,DoS
2025-01-01 04:11:00,192.168.0.242,10.0.0.70,ICMP,14,1609,0.75,SYN,benign
2025-01-01 04:12:00,192.168.0.190,10.0.0.153,ICMP,16,14272,5.41,URG,DoS
2025-01-01 04:13:00,192.168.0.167,10.0.0.1,TCP,20,10109,1.33,URG,benign
2025-01-01 04:14:00,192.168.0.99,10.0.0.158,ICMP,18,12082,0.45,SYN,benign
2025-01-01 04:15:00,192.168.0.184,10.0.0.169,UDP,23,1759,1.0,ACK,benign
2025-01-01 04:16:00,192.168.0.221,10.0.0.253,TCP,16,8493,0.69,SYN,benign
2025-01-01 04:17:00,192.168.0.185,10.0.0.122,ICMP,26,12481,2.06,PSH,benign
2025-01-01 04:18:00,192.168.0.167,10.0.0.67,TCP,19,10519,0.86,SYN,benign
2025-01-01 04:19:00,192.168.0.75,10.0.0.148,TCP,17,8605,3.22,URG,benign
2025-01-01 04:20:00,192.168.0.114,10.0.0.131,UDP,23,9310,3.86,PSH,benign
2025-01-01 04:21:00,192.168.0.151,10.0.0.120,TCP,24,3417,0.8,URG,benign
2025-01-01 04:22:00,192.168.0.36,10.0.0.168,UDP,30,11779,1.13,RST,DoS
2025-01-01 04:23:00,192.168.0.43,10.0.0.152,ICMP,20,13539,2.03,FIN,benign
2025-01-01 04:24:00,192.168.0.237,10.0.0.17,UDP,27,13070,1.61,URG,benign
2025-01-01 04:25:00,192.168.0.66,10.0.0.149,TCP,24,10272,0.71,SYN,benign
2025-01-01 04:26:00,192.168.0.2,10.0.0.114,UDP,20,10652,0.99,FIN,DoS
2025-01-01 04:27:00,192.168.0.68,10.0.0.139,TCP,12,2287,0.66,URG,benign
2025-01-01 04:28:00,192.168.0.5,10.0.0.68,ICMP,23,5288,0.85,ACK,benign
2025-01-01 04:29:00,192.168.0.93,10.0.0.40,ICMP,22,12744,1.91,ACK,benign
2025-01-01 04:30:00,192.168.0.75,10.0.0.10,ICMP,25,5871,1.29,URG,benign
2025-01-01 04:31:00,192.168.0.164,10.0.0.80,UDP,15,6685,4.4,FIN,benign
2025-01-01 04:32:00,192.168.0.108,10.0.0.241,TCP,17,3573,0.36,ACK,benign
2025-01-01 04:33:00,192.168.0.18,10.0.0.64,UDP,26,13297,0.87,RST,benign
2025-01-01 04:34:00,192.168.0.154,10.0.0.249,UDP,18,9333,4.65,ACK,benign
2025-01-01 04:35:00,192.168.0.215,10.0.0.113,ICMP,15,12798,0.39,RST,benign
2025-01-01 04:36:00,192.168.0.215,10.0.0.107,ICMP,21,11033,2.63,ACK,benign
2025-01-01 04:37:00,192.168.0.180,10.0.0.242,UDP,19,11145,0.32,PSH,benign
2025-01-01 04:38:00,192.168.0.153,10.0.0.164,ICMP,20,12302,1.01,SYN,benign
2025-01-01 04:39:00,192.168.0.84,10.0.0.225,ICMP,21,6741,1.84,URG,benign
2025-01-01 04:40:00,192.168.0.182,10.0.0.26,ICMP,21,13024,0.39,ACK,benign
2025-01-01 04:41:00,192.168.0.233,10.0.0.54,TCP,20,5651,5.17,ACK,benign
2025-01-01 04:42:00,192.168.0.161,10.0.0.174,TCP,17,3535,6.7,URG,benign
2025-01-01 04:43:00,192.168.0.80,10.0.0.4,TCP,24,2934,6.84,FIN,DoS
2025-01-01 04:44:00,192.168.0.201,10.0.0.123,ICMP,21,3889,3.91,URG,benign
2025-01-01 04:45:00,192.168.0.205,10.0.0.141,TCP,17,13987,0.5,URG,benign
2025-01-01 04:46:00,192.168.0.192,10.0.0.28,ICMP,19,4547,0.84,PSH,benign
2025-01-01 04:47:00,192.168.0.12,10.0.0.143,ICMP,28,9565,3.15,FIN,benign
2025-01-01 04:48:00,192.168.0.113,10.0.0.93,ICMP,21,8933,0.72,ACK,benign
2025-01-01 04:49:00,192.168.0.102,10.0.0.224,TCP,24,10315,0.89,RST,benign
2025-01-01 04:50:00,192.168.0.199,10.0.0.149,TCP,22,12505,0.52,PSH,benign
2025-01-01 04:51:00,192.168.0.244,10.0.0.161,ICMP,15,11621,1.37,FIN,benign
2025-01-01 04:52:00,192.168.0.46,10.0.0.104,UDP,13,11016,1.33,URG,benign
2025-01-01 04:53:00,192.168.0.61,10.0.0.172,UDP,19,6890,3.29,ACK,DoS
2025-01-01 04:54:00,192.168.0.213,10.0.0.7,ICMP,14,2289,0.98,FIN,benign
2025-01-01 04:55:00,192.168.0.150,10.0.0.98,ICMP,14,7522,1.57,RST,benign
2025-01-01 04:56:00,192.168.0.122,10.0.0.100,TCP,15,2103,2.05,RST,benign
2025-01-01 04:57:00,192.168.0.47,10.0.0.234,TCP,21,8369,6.05,RST,benign
2025-01-01 04:58:00,192.168.0.183,10.0.0.252,ICMP,24,5412,0.04,ACK,benign
2025-01-01 04:59:00,192.168.0.126,10.0.0.187,TCP,24,3526,0.89,ACK,benign
2025-01-01 05:00:00,192.168.0.65,10.0.0.195,ICMP,16,14534,2.09,URG,benign
2025-01-01 05:01:00,192.168.0.147,10.0.0.56,ICMP,23,7029,0.49,RST,benign
2025-01-01 05:02:00,192.168.0.123,10.0.0.139,UDP,12,11615,4.85,URG,benign
2025-01-01 05:03:00,192.168.0.8,10.0.0.5,UDP,26,14401,4.1,ACK,DoS
2025-01-01 05:04:00,192.168.0.249,10.0.0.251,UDP,16,6076,6.13,RST,benign
2025-01-01 05:05:00,192.168.0.54,10.0.0.35,ICMP,14,10988,4.39,ACK,benign
2025-01-01 05:06:00,192.168.0.120,10.0.0.31,TCP,23,11440,2.52,PSH,DoS
2025-01-01 05:07:00,192.168.0.190,10.0.0.64,UDP,17,5052,2.06,ACK,benign
2025-01-01 05:08:00,192.168.0.197,10.0.0.14,TCP,22,11765,6.56,SYN,benign
2025-01-01 05:09:00,192.168.0.1,10.0.0.221,TCP,16,4059,8.96,FIN,benign
2025-01-01 05:10:00,192.168.0.150,10.0.0.104,TCP,19,13417,4.31,SYN,DoS
2025-01-01 05:11:00,192.168.0.215,10.0.0.58,TCP,24,10333,1.54,ACK,benign
2025-01-01 05:12:00,192.168.0.85,10.0.0.31,UDP,19,2234,0.04,PSH,DoS
2025-01-01 05:13:00,192.168.0.230,10.0.0.157,UDP,27,6081,1.8,PSH,benign
2025-01-01 05:14:00,192.168.0.186,10.0.0.127,ICMP,26,6581,3.0,PSH,DoS
2025-01-01 05:15:00,192.168.0.205,10.0.0.31,UDP,18,1916,4.09,ACK,benign
2025-01-01 05:16:00,192.168.0.214,10.0.0.5,TCP,20,675,3.33,PSH,benign
2025-01-01 05:17:00,192.168.0.236,10.0.0.155,ICMP,12,5356,3.94,URG,DoS
2025-01-01 05:18:00,192.168.0.206,10.0.0.129,TCP,17,12348,0.63,PSH,benign
2025-01-01 05:19:00,192.168.0.235,10.0.0.94,TCP,27,14833,1.61,SYN,benign
2025-01-01 05:20:00,192.168.0.144,10.0.0.232,UDP,27,10122,0.45,PSH,DoS
2025-01-01 05:21:00,192.168.0.136,10.0.0.170,ICMP,22,1600,0.44,URG,benign
2025-01-01 05:22:00,192.168.0.237,10.0.0.16,ICMP,27,6816,0.0,FIN,benign
2025-01-01 05:23:00,192.168.0.72,10.0.0.3,TCP,27,9437,0.28,PSH,DoS
2025-01-01 05:24:00,192.168.0.125,10.0.0.94,ICMP,25,3241,1.61,ACK,benign
2025-01-01 05:25:00,192.168.0.129,10.0.0.35,ICMP,21,8137,2.56,ACK,benign
2025-01-01 05:26:00,192.168.0.253,10.0.0.180,ICMP,24,13784,1.46,RST,DoS
2025-01-01 05:27:00,192.168.0.87,10.0.0.56,UDP,16,13187,0.81,FIN,benign
2025-01-01 05:28:00,192.168.0.1,10.0.0.158,UDP,14,1471,2.76,SYN,benign
2025-01-01 05:29:00,192.168.0.149,10.0.0.228,ICMP,22,4641,0.62,ACK,benign
2025-01-01 05:30:00,192.168.0.232,10.0.0.247,TCP,18,2338,1.23,ACK,benign
2025-01-01 05:31:00,192.168.0.5,10.0.0.242,ICMP,12,4180,4.16,URG,DoS
2025-01-01 05:32:00,192.168.0.49,10.0.0.142,UDP,23,12102,2.07,PSH,benign
2025-01-01 05:33:00,192.168.0.99,10.0.0.250,ICMP,18,8964,0.73,RST,benign
2025-01-01 05:34:00,192.168.0.76,10.0.0.6,TCP,23,8375,1.93,SYN,benign
2025-01-01 05:35:00,192.168.0.93,10.0.0.89,UDP,21,4054,7.34,ACK,benign
2025-01-01 05:36:00,192.168.0.103,10.0.0.243,ICMP,17,14051,0.31,RST,benign
2025-01-01 05:37:00,192.168.0.166,10.0.0.145,TCP,18,11780,0.74,URG,benign
2025-01-01 05:38:00,192.168.0.39,10.0.0.32,TCP,18,3271,0.44,PSH,benign
2025-01-01 05:39:00,192.168.0.253,10.0.0.95,ICMP,21,12087,4.94,FIN,DoS
2025-01-01 05:40:00,192.168.0.248,10.0.0.10,UDP,26,4346,0.97,ACK,benign
2025-01-01 05:41:00,192.168.0.135,10.0.0.16,ICMP,24,2385,4.96,URG,benign
2025-01-01 05:42:00,192.168.0.235,10.0.0.30,UDP,16,8117,0.53,ACK,benign
2025-01-01 05:43:00,192.168.0.4,10.0.0.24,TCP,23,7388,1.67,FIN,DoS
2025-01-01 05:44:00,192.168.0.89,10.0.0.136,TCP,18,5634,3.69,SYN,benign
2025-01-01 05:45:00,192.168.0.174,10.0.0.22,ICMP,12,7276,1.39,URG,benign
2025-01-01 05:46:00,192.168.0.134,10.0.0.154,UDP,18,1717,0.47,RST,benign
2025-01-01 05:47:00,192.168.0.189,10.0.0.63,ICMP,17,12420,3.2,FIN,DoS
2025-01-01 05:48:00,192.168.0.173,10.0.0.169,UDP,25,5549,1.18,URG,benign
2025-01-01 05:49:00,192.168.0.167,10.0.0.6,TCP,21,14187,2.32,PSH,benign
2025-01-01 05:50:00,192.168.0.213,10.0.0.108,UDP,17,12442,2.26,RST,benign
2025-01-01 05:51:00,192.168.0.35,10.0.0.155,TCP,18,13039,0.82,SYN,benign
2025-01-01 05:52:00,192.168.0.241,10.0.0.175,UDP,17,2234,0.82,SYN,benign
2025-01-01 05:53:00,192.168.0.171,10.0.0.251,TCP,20,6491,5.67,SYN,benign
2025-01-01 05:54:00,192.168.0.244,10.0.0.84,TCP,24,12383,4.88,FIN,benign
2025-01-01 05:55:00,192.168.0.60,10.0.0.182,ICMP,24,1222,0.39,SYN,benign
2025-01-01 05:56:00,192.168.0.220,10.0.0.39,ICMP,25,9376,8.38,PSH,benign
2025-01-01 05:57:00,192.168.0.37,10.0.0.108,UDP,22,12949,5.47,FIN,benign
2025-01-01 05:58:00,192.168.0.212,10.0.0.169,UDP,20,9022,2.04,PSH,benign
2025-01-01 05:59:00,192.168.0.27,10.0.0.61,UDP,17,11422,3.84,RST,DoS
2025-01-01 06:00:00,192.168.0.236,10.0.0.243,UDP,24,1595,1.07,FIN,benign
2025-01-01 06:01:00,192.168.0.168,10.0.0.208,ICMP,16,6787,3.04,RST,benign
2025-01-01 06:02:00,192.168.0.232,10.0.0.127,ICMP,17,3176,1.65,URG,benign
2025-01-01 06:03:00,192.168.0.150,10.0.0.98,UDP,18,2745,6.05,FIN,benign
2025-01-01 06:04:00,192.168.0.105,10.0.0.179,UDP,18,12546,3.75,RST,DoS
2025-01-01 06:05:00,192.168.0.208,10.0.0.24,TCP,15,9735,1.59,RST,benign
2025-01-01 06:06:00,192.168.0.44,10.0.0.18,TCP,20,6675,2.64,SYN,benign
2025-01-01 06:07:00,192.168.0.163,10.0.0.72,UDP,11,7396,1.78,ACK,benign
2025-01-01 06:08:00,192.168.0.247,10.0.0.46,TCP,21,6190,0.31,FIN,DoS
2025-01-01 06:09:00,192.168.0.138,10.0.0.2,ICMP,25,12062,1.61,FIN,benign
2025-01-01 06:10:00,192.168.0.225,10.0.0.95,ICMP,25,3983,2.14,SYN,benign
2025-01-01 06:11:00,192.168.0.138,10.0.0.1,UDP,22,12981,1.96,URG,benign
2025-01-01 06:12:00,192.168.0.115,10.0.0.67,UDP,17,14199,2.55,URG,benign
2025-01-01 06:13:00,192.168.0.135,10.0.0.35,ICMP,19,7813,0.27,URG,DoS
2025-01-01 06:14:00,192.168.0.173,10.0.0.20,UDP,24,1008,0.53,ACK,benign
2025-01-01 06:15:00,192.168.0.52,10.0.0.68,TCP,20,5564,0.63,ACK,benign
2025-01-01 06:16:00,192.168.0.187,10.0.0.28,TCP,28,5120,3.05,PSH,benign
2025-01-01 06:17:00,192.168.0.8,10.0.0.224,TCP,21,1895,2.66,FIN,benign
2025-01-01 06:18:00,192.168.0.207,10.0.0.54,UDP,29,3555,0.73,RST,benign
2025-01-01 06:19:00,192.168.0.230,10.0.0.238,ICMP,10,10523,0.44,FIN,benign
2025-01-01 06:20:00,192.168.0.131,10.0.0.114,UDP,18,5846,4.14,ACK,benign
2025-01-01 06:21:00,192.168.0.66,10.0.0.231,ICMP,24,12824,6.34,RST,DoS
2025-01-01 06:22:00,192.168.0.233,10.0.0.199,ICMP,16,3346,0.39,FIN,benign
2025-01-01 06:23:00,192.168.0.231,10.0.0.140,TCP,17,3186,1.38,PSH,benign
2025-01-01 06:24:00,192.168.0.139,10.0.0.35,UDP,21,4387,0.3,PSH,benign
2025-01-01 06:25:00,192.168.0.189,10.0.0.129,ICMP,19,4085,0.39,PSH,benign
2025-01-01 06:26:00,192.168.0.188,10.0.0.150,TCP,17,13094,3.49,RST,benign
2025-01-01 06:27:00,192.168.0.203,10.0.0.206,ICMP,22,4002,1.71,ACK,benign
2025-01-01 06:28:00,192.168.0.186,10.0.0.246,TCP,23,6947,1.41,SYN,DoS
2025-01-01 06:29:00,192.168.0.97,10.0.0.200,UDP,22,6768,0.67,ACK,benign
2025-01-01 06:30:00,192.168.0.32,10.0.0.220,TCP,33,7391,0.32,FIN,benign
2025-01-01 06:31:00,192.168.0.94,10.0.0.225,ICMP,22,12382,4.65,FIN,benign
2025-01-01 06:32:00,192.168.0.65,10.0.0.131,UDP,19,5157,1.29,ACK,benign
2025-01-01 06:33:00,192.168.0.154,10.0.0.194,ICMP,28,14222,0.61,FIN,benign
2025-01-01 06:34:00,192.168.0.243,10.0.0.213,TCP,12,1270,0.41,ACK,DoS
2025-01-01 06:35:00,192.168.0.24,10.0.0.125,UDP,24,8495,0.34,URG,DoS
2025-01-01 06:36:00,192.168.0.78,10.0.0.36,TCP,10,14249,1.08,PSH,benign
2025-01-01 06:37:00,192.168.0.121,10.0.0.175,ICMP,14,13373,4.12,URG,benign
2025-01-01 06:38:00,192.168.0.73,10.0.0.108,TCP,22,8046,0.54,PSH,benign
2025-01-01 06:39:00,192.168.0.113,10.0.0.245,TCP,15,14686,1.92,SYN,benign
2025-01-01 06:40:00,192.168.0.158,10.0.0.2,UDP,21,6423,0.96,PSH,benign
2025-01-01 06:41:00,192.168.0.89,10.0.0.154,UDP,18,4315,2.77,PSH,benign
2025-01-01 06:42:00,192.168.0.68,10.0.0.174,TCP,16,14789,3.32,SYN,benign
2025-01-01 06:43:00,192.168.0.99,10.0.0.60,ICMP,22,7021,5.04,PSH,DoS
2025-01-01 06:44:00,192.168.0.182,10.0.0.55,UDP,14,841,2.37,RST,benign
2025-01-01 06:45:00,192.168.0.69,10.0.0.94,ICMP,24,2534,0.63,FIN,benign
2025-01-01 06:46:00,192.168.0.166,10.0.0.177,TCP,19,10928,0.64,RST,benign
2025-01-01 06:47:00,192.168.0.223,10.0.0.150,UDP,20,602,2.64,RST,benign
2025-01-01 06:48:00,192.168.0.217,10.0.0.105,UDP,28,1420,0.52,PSH,benign
2025-01-01 06:49:00,192.168.0.113,10.0.0.28,UDP,20,3615,3.73,ACK,benign
2025-01-01 06:50:00,192.168.0.6,10.0.0.190,UDP,12,11052,0.5,SYN,benign
2025-01-01 06:51:00,192.168.0.166,10.0.0.103,ICMP,26,6584,4.48,RST,benign
2025-01-01 06:52:00,192.168.0.178,10.0.0.222,TCP,18,9870,0.28,URG,benign
2025-01-01 06:53:00,192.168.0.100,10.0.0.111,UDP,24,13364,1.6,FIN,benign
2025-01-01 06:54:00,192.168.0.84,10.0.0.148,UDP,18,7421,0.35,SYN,benign
2025-01-01 06:55:00,192.168.0.178,10.0.0.114,ICMP,14,11832,2.01,URG,benign
2025-01-01 06:56:00,192.168.0.253,10.0.0.54,TCP,18,2955,11.42,SYN,benign
2025-01-01 06:57:00,192.168.0.94,10.0.0.216,ICMP,21,10081,0.98,SYN,benign
2025-01-01 06:58:00,192.168.0.238,10.0.0.153,ICMP,16,14641,0.68,URG,benign
2025-01-01 06:59:00,192.168.0.126,10.0.0.153,ICMP,19,2635,2.13,ACK,DoS
2025-01-01 07:00:00,192.168.0.219,10.0.0.230,TCP,9,12297,0.28,SYN,benign
2025-01-01 07:01:00,192.168.0.75,10.0.0.178,ICMP,16,4720,0.15,PSH,DoS
2025-01-01 07:02:00,192.168.0.173,10.0.0.190,ICMP,15,14115,0.37,FIN,benign
2025-01-01 07:03:00,192.168.0.189,10.0.0.188,TCP,12,2147,0.08,PSH,benign
2025-01-01 07:04:00,192.168.0.125,10.0.0.183,TCP,23,7283,1.14,URG,DoS
2025-01-01 07:05:00,192.168.0.163,10.0.0.85,TCP,25,7589,1.56,SYN,benign
2025-01-01 07:06:00,192.168.0.200,10.0.0.244,ICMP,27,11777,4.81,ACK,DoS
2025-01-01 07:07:00,192.168.0.169,10.0.0.160,ICMP,22,10943,0.14,RST,benign
2025-01-01 07:08:00,192.168.0.211,10.0.0.249,UDP,25,2344,1.96,FIN,benign
2025-01-01 07:09:00,192.168.0.195,10.0.0.40,TCP,17,11710,3.01,URG,benign
2025-01-01 07:10:00,192.168.0.184,10.0.0.129,ICMP,17,5511,1.06,RST,benign
2025-01-01 07:11:00,192.168.0.46,10.0.0.115,ICMP,16,13857,0.64,SYN,benign
2025-01-01 07:12:00,192.168.0.1,10.0.0.171,UDP,20,13123,1.22,URG,benign
2025-01-01 07:13:00,192.168.0.185,10.0.0.224,UDP,26,14477,0.9,ACK,DoS
2025-01-01 07:14:00,192.168.0.100,10.0.0.16,UDP,19,8459,5.78,FIN,benign
2025-01-01 07:15:00,192.168.0.141,10.0.0.104,TCP,21,8025,0.21,ACK,DoS
2025-01-01 07:16:00,192.168.0.46,10.0.0.90,TCP,22,5315,0.26,URG,DoS
2025-01-01 07:17:00,192.168.0.4,10.0.0.189,ICMP,20,9254,1.52,RST,benign
2025-01-01 07:18:00,192.168.0.137,10.0.0.54,ICMP,23,10424,2.75,FIN,benign
2025-01-01 07:19:00,192.168.0.239,10.0.0.45,ICMP,24,10286,0.74,URG,DoS
2025-01-01 07:20:00,192.168.0.32,10.0.0.253,TCP,23,1280,0.07,PSH,benign
2025-01-01 07:21:00,192.168.0.236,10.0.0.31,UDP,20,925,0.61,RST,benign
2025-01-01 07:22:00,192.168.0.66,10.0.0.24,ICMP,18,11964,1.16,SYN,benign
2025-01-01 07:23:00,192.168.0.53,10.0.0.129,TCP,17,13334,0.28,ACK,benign
2025-01-01 07:24:00,192.168.0.195,10.0.0.27,UDP,15,12012,0.93,RST,benign
2025-01-01 07:25:00,192.168.0.154,10.0.0.37,TCP,19,1085,0.86,URG,benign
2025-01-01 07:26:00,192.168.0.226,10.0.0.12,UDP,23,4021,1.74,SYN,benign
2025-01-01 07:27:00,192.168.0.124,10.0.0.198,ICMP,19,9045,3.12,SYN,benign
2025-01-01 07:28:00,192.168.0.212,10.0.0.134,UDP,19,13602,3.43,FIN,benign
2025-01-01 07:29:00,192.168.0.179,10.0.0.167,UDP,23,8291,6.37,URG,benign
2025-01-01 07:30:00,192.168.0.182,10.0.0.119,UDP,14,8392,0.08,PSH,benign
2025-01-01 07:31:00,192.168.0.54,10.0.0.231,TCP,31,4427,6.72,FIN,DoS
2025-01-01 07:32:00,192.168.0.187,10.0.0.34,ICMP,26,14903,0.48,SYN,benign
2025-01-01 07:33:00,192.168.0.103,10.0.0.101,TCP,20,9297,0.66,PSH,benign
2025-01-01 07:34:00,192.168.0.8,10.0.0.47,ICMP,14,10170,1.14,RST,benign
2025-01-01 07:35:00,192.168.0.99,10.0.0.174,TCP,20,12527,0.47,RST,benign
2025-01-01 07:36:00,192.168.0.235,10.0.0.236,UDP,19,14303,0.54,ACK,benign
2025-01-01 07:37:00,192.168.0.222,10.0.0.17,ICMP,14,13473,0.57,PSH,benign
2025-01-01 07:38:00,192.168.0.143,10.0.0.29,UDP,21,3212,0.53,FIN,DoS
2025-01-01 07:39:00,192.168.0.219,10.0.0.207,TCP,16,9383,1.85,PSH,benign
2025-01-01 07:40:00,192.168.0.125,10.0.0.220,ICMP,24,3387,4.03,ACK,benign
2025-01-01 07:41:00,192.168.0.132,10.0.0.155,UDP,23,9906,1.24,URG,benign
2025-01-01 07:42:00,192.168.0.250,10.0.0.209,ICMP,19,2432,4.02,RST,benign
2025-01-01 07:43:00,192.168.0.112,10.0.0.144,UDP,23,7011,1.88,RST,benign
2025-01-01 07:44:00,192.168.0.154,10.0.0.192,TCP,32,7446,2.31,ACK,benign
2025-01-01 07:45:00,192.168.0.93,10.0.0.155,TCP,22,3675,8.27,PSH,benign
2025-01-01 07:46:00,192.168.0.20,10.0.0.187,TCP,18,11247,0.53,PSH,benign
2025-01-01 07:47:00,192.168.0.135,10.0.0.9,UDP,16,2144,1.48,PSH,benign
2025-01-01 07:48:00,192.168.0.88,10.0.0.216,ICMP,19,987,3.02,URG,DoS
2025-01-01 07:49:00,192.168.0.3,10.0.0.42,TCP,19,5861,1.6,SYN,benign
2025-01-01 07:50:00,192.168.0.116,10.0.0.250,TCP,28,5218,5.16,ACK,benign
2025-01-01 07:51:00,192.168.0.42,10.0.0.4,UDP,21,8769,1.03,FIN,benign
2025-01-01 07:52:00,192.168.0.198,10.0.0.233,UDP,22,4918,0.21,PSH,benign
2025-01-01 07:53:00,192.168.0.51,10.0.0.27,TCP,15,4639,0.52,ACK,benign
2025-01-01 07:54:00,192.168.0.1,10.0.0.115,TCP,23,14506,2.08,ACK,benign
2025-01-01 07:55:00,192.168.0.2,10.0.0.202,UDP,20,1553,0.23,PSH,benign
2025-01-01 07:56:00,192.168.0.6,10.0.0.180,TCP,19,2448,0.58,RST,DoS
2025-01-01 07:57:00,192.168.0.104,10.0.0.6,UDP,15,6995,1.63,SYN,benign
2025-01-01 07:58:00,192.168.0.109,10.0.0.239,UDP,17,12524,1.89,RST,benign
2025-01-01 07:59:00,192.168.0.63,10.0.0.193,ICMP,12,13992,1.27,FIN,benign
2025-01-01 08:00:00,192.168.0.73,10.0.0.138,UDP,19,12139,0.17,FIN,benign
2025-01-01 08:01:00,192.168.0.11,10.0.0.83,UDP,14,14064,0.5,ACK,benign
2025-01-01 08:02:00,192.168.0.225,10.0.0.235,UDP,11,8766,2.27,RST,benign
2025-01-01 08:03:00,192.168.0.248,10.0.0.165,ICMP,20,6873,3.02,ACK,benign
2025-01-01 08:04:00,192.168.0.21,10.0.0.181,ICMP,16,3179,5.26,URG,benign
2025-01-01 08:05:00,192.168.0.221,10.0.0.59,UDP,16,14013,0.34,FIN,benign
2025-01-01 08:06:00,192.168.0.143,10.0.0.248,TCP,18,10638,1.69,SYN,benign
2025-01-01 08:07:00,192.168.0.20,10.0.0.217,ICMP,18,13902,0.75,FIN,benign
2025-01-01 08:08:00,192.168.0.62,10.0.0.198,ICMP,23,11896,0.56,SYN,DoS
2025-01-01 08:09:00,192.168.0.246,10.0.0.150,TCP,19,8146,1.03,RST,benign
2025-01-01 08:10:00,192.168.0.19,10.0.0.218,TCP,24,12047,1.15,SYN,benign
2025-01-01 08:11:00,192.168.0.155,10.0.0.239,TCP,24,8502,1.88,ACK,DoS
2025-01-01 08:12:00,192.168.0.112,10.0.0.114,UDP,19,8980,3.06,RST,DoS
2025-01-01 08:13:00,192.168.0.173,10.0.0.170,ICMP,30,2661,1.22,FIN,benign
2025-01-01 08:14:00,192.168.0.115,10.0.0.125,TCP,26,13761,0.46,ACK,benign
2025-01-01 08:15:00,192.168.0.243,10.0.0.59,ICMP,24,7426,3.07,SYN,benign
2025-01-01 08:16:00,192.168.0.167,10.0.0.236,TCP,19,7772,0.94,RST,benign
2025-01-01 08:17:00,192.168.0.245,10.0.0.184,UDP,27,10472,0.24,RST,benign
2025-01-01 08:18:00,192.168.0.87,10.0.0.130,UDP,22,8009,0.4,PSH,benign
2025-01-01 08:19:00,192.168.0.68,10.0.0.173,UDP,16,6192,4.24,PSH,benign
2025-01-01 08:20:00,192.168.0.11,10.0.0.119,ICMP,23,3288,0.17,FIN,benign
2025-01-01 08:21:00,192.168.0.245,10.0.0.198,ICMP,21,11977,0.68,URG,DoS
2025-01-01 08:22:00,192.168.0.178,10.0.0.27,TCP,18,3735,0.87,URG,benign
2025-01-01 08:23:00,192.168.0.69,10.0.0.185,ICMP,22,7254,9.05,ACK,benign
2025-01-01 08:24:00,192.168.0.192,10.0.0.117,TCP,27,12938,2.37,URG,benign
2025-01-01 08:25:00,192.168.0.244,10.0.0.84,UDP,18,1699,1.84,ACK,benign
2025-01-01 08:26:00,192.168.0.88,10.0.0.12,UDP,22,10400,0.3,URG,benign
2025-01-01 08:27:00,192.168.0.132,10.0.0.210,UDP,21,5955,1.24,SYN,benign
2025-01-01 08:28:00,192.168.0.109,10.0.0.72,TCP,21,3803,0.37,PSH,benign
2025-01-01 08:29:00,192.168.0.196,10.0.0.203,ICMP,15,13821,4.24,SYN,benign
2025-01-01 08:30:00,192.168.0.80,10.0.0.56,TCP,22,7927,1.76,RST,DoS
2025-01-01 08:31:00,192.168.0.213,10.0.0.32,TCP,21,4598,4.59,SYN,benign
2025-01-01 08:32:00,192.168.0.221,10.0.0.115,TCP,21,9017,0.39,FIN,benign
2025-01-01 08:33:00,192.168.0.162,10.0.0.11,ICMP,26,10373,2.01,ACK,benign
2025-01-01 08:34:00,192.168.0.87,10.0.0.250,UDP,14,2686,1.96,URG,benign
2025-01-01 08:35:00,192.168.0.220,10.0.0.71,TCP,21,7688,0.6,RST,DoS
2025-01-01 08:36:00,192.168.0.63,10.0.0.71,TCP,12,1096,2.96,FIN,benign
2025-01-01 08:37:00,192.168.0.84,10.0.0.190,TCP,19,4238,0.44,URG,benign
2025-01-01 08:38:00,192.168.0.214,10.0.0.188,UDP,24,2674,0.75,FIN,benign
2025-01-01 08:39:00,192.168.0.56,10.0.0.128,TCP,17,6603,1.69,ACK,benign
2025-01-01 08:40:00,192.168.0.107,10.0.0.87,UDP,13,3978,0.87,ACK,benign
2025-01-01 08:41:00,192.168.0.33,10.0.0.106,ICMP,23,3419,5.7,RST,benign
2025-01-01 08:42:00,192.168.0.156,10.0.0.84,ICMP,18,13561,0.55,ACK,benign
2025-01-01 08:43:00,192.168.0.16,10.0.0.171,UDP,14,2505,0.2,SYN,benign
2025-01-01 08:44:00,192.168.0.191,10.0.0.203,UDP,33,9332,3.86,URG,benign
2025-01-01 08:45:00,192.168.0.22,10.0.0.152,UDP,16,12418,0.79,URG,benign
2025-01-01 08:46:00,192.168.0.161,10.0.0.30,ICMP,11,7492,0.54,ACK,benign
2025-01-01 08:47:00,192.168.0.243,10.0.0.209,TCP,16,11554,0.77,FIN,benign
2025-01-01 08:48:00,192.168.0.150,10.0.0.214,ICMP,23,6811,2.23,FIN,benign
2025-01-01 08:49:00,192.168.0.134,10.0.0.102,TCP,20,1049,3.39,URG,benign
2025-01-01 08:50:00,192.168.0.19,10.0.0.168,UDP,22,14695,0.15,RST,benign
2025-01-01 08:51:00,192.168.0.93,10.0.0.93,UDP,19,8385,1.68,URG,benign
2025-01-01 08:52:00,192.168.0.170,10.0.0.103,UDP,17,13019,2.75,ACK,benign
2025-01-01 08:53:00,192.168.0.88,10.0.0.191,ICMP,20,1245,1.56,SYN,benign
2025-01-01 08:54:00,192.168.0.97,10.0.0.248,UDP,18,10352,3.87,URG,benign
2025-01-01 08:55:00,192.168.0.45,10.0.0.100,ICMP,21,10275,3.12,ACK,benign
2025-01-01 08:56:00,192.168.0.118,10.0.0.180,UDP,14,1360,2.71,SYN,benign
2025-01-01 08:57:00,192.168.0.254,10.0.0.200,ICMP,14,3158,2.56,PSH,DoS
2025-01-01 08:58:00,192.168.0.31,10.0.0.172,TCP,18,5887,3.18,FIN,benign
2025-01-01 08:59:00,192.168.0.213,10.0.0.33,UDP,23,9822,0.71,ACK,benign
2025-01-01 09:00:00,192.168.0.147,10.0.0.236,UDP,15,2956,0.37,RST,benign
2025-01-01 09:01:00,192.168.0.107,10.0.0.165,ICMP,28,7748,0.01,ACK,DoS
2025-01-01 09:02:00,192.168.0.136,10.0.0.169,ICMP,21,3277,1.79,RST,benign
2025-01-01 09:03:00,192.168.0.226,10.0.0.14,ICMP,21,8887,3.18,ACK,DoS
2025-01-01 09:04:00,192.168.0.153,10.0.0.253,UDP,27,10554,1.53,RST,benign
2025-01-01 09:05:00,192.168.0.240,10.0.0.124,TCP,18,9433,2.26,ACK,benign
2025-01-01 09:06:00,192.168.0.9,10.0.0.50,ICMP,15,10676,0.57,URG,benign
2025-01-01 09:07:00,192.168.0.64,10.0.0.154,UDP,21,7120,6.28,URG,benign
2025-01-01 09:08:00,192.168.0.254,10.0.0.93,UDP,17,11712,0.59,RST,benign
2025-01-01 09:09:00,192.168.0.171,10.0.0.146,UDP,15,5050,2.54,FIN,benign
2025-01-01 09:10:00,192.168.0.54,10.0.0.246,ICMP,14,6527,0.18,ACK,benign
2025-01-01 09:11:00,192.168.0.28,10.0.0.184,ICMP,15,4483,0.09,FIN,benign
2025-01-01 09:12:00,192.168.0.235,10.0.0.103,TCP,14,6827,0.11,URG,benign
2025-01-01 09:13:00,192.168.0.249,10.0.0.165,TCP,21,9550,1.37,ACK,benign
2025-01-01 09:14:00,192.168.0.229,10.0.0.61,TCP,18,9578,2.37,SYN,DoS
2025-01-01 09:15:00,192.168.0.40,10.0.0.173,TCP,16,633,2.82,RST,benign
2025-01-01 09:16:00,192.168.0.207,10.0.0.79,UDP,17,2466,0.09,URG,DoS
2025-01-01 09:17:00,192.168.0.253,10.0.0.57,UDP,18,6310,0.05,URG,benign
2025-01-01 09:18:00,192.168.0.70,10.0.0.162,TCP,20,14952,1.32,SYN,benign
2025-01-01 09:19:00,192.168.0.223,10.0.0.206,UDP,23,9375,1.25,RST,DoS
2025-01-01 09:20:00,192.168.0.123,10.0.0.58,TCP,19,12679,7.3,URG,DoS
2025-01-01 09:21:00,192.168.0.174,10.0.0.150,UDP,16,13077,3.17,URG,benign
2025-01-01 09:22:00,192.168.0.126,10.0.0.196,UDP,20,11377,0.19,RST,DoS
2025-01-01 09:23:00,192.168.0.248,10.0.0.47,UDP,19,7846,2.64,PSH,benign
2025-01-01 09:24:00,192.168.0.165,10.0.0.57,TCP,24,3568,0.12,URG,benign
2025-01-01 09:25:00,192.168.0.149,10.0.0.227,ICMP,23,6563,0.23,RST,benign
2025-01-01 09:26:00,192.168.0.165,10.0.0.114,UDP,24,8301,0.11,ACK,benign
2025-01-01 09:27:00,192.168.0.47,10.0.0.237,UDP,18,1344,0.81,ACK,benign
2025-01-01 09:28:00,192.168.0.23,10.0.0.191,UDP,19,12837,0.42,RST,benign
2025-01-01 09:29:00,192.168.0.136,10.0.0.120,TCP,26,14102,3.05,SYN,DoS
2025-01-01 09:30:00,192.168.0.19,10.0.0.213,TCP,18,1241,0.07,ACK,benign
2025-01-01 09:31:00,192.168.0.141,10.0.0.74,ICMP,16,10376,1.58,SYN,benign
2025-01-01 09:32:00,192.168.0.56,10.0.0.227,UDP,21,4218,1.57,URG,benign
2025-01-01 09:33:00,192.168.0.241,10.0.0.176,TCP,20,13750,1.34,SYN,benign
2025-01-01 09:34:00,192.168.0.194,10.0.0.212,UDP,21,12945,1.04,FIN,benign
2025-01-01 09:35:00,192.168.0.106,10.0.0.205,TCP,15,8862,3.36,ACK,DoS
2025-01-01 09:36:00,192.168.0.111,10.0.0.70,TCP,16,6995,3.1,SYN,benign
2025-01-01 09:37:00,192.168.0.229,10.0.0.254,TCP,21,873,6.91,ACK,benign
2025-01-01 09:38:00,192.168.0.122,10.0.0.156,TCP,18,5841,2.41,PSH,benign
2025-01-01 09:39:00,192.168.0.26,10.0.0.124,TCP,23,9081,0.29,ACK,benign
2025-01-01 09:40:00,192.168.0.252,10.0.0.184,ICMP,24,13575,1.22,FIN,benign
2025-01-01 09:41:00,192.168.0.135,10.0.0.116,ICMP,17,6783,0.09,ACK,benign
2025-01-01 09:42:00,192.168.0.243,10.0.0.226,ICMP,18,2919,1.12,SYN,DoS
2025-01-01 09:43:00,192.168.0.125,10.0.0.45,ICMP,25,14842,4.8,FIN,benign
2025-01-01 09:44:00,192.168.0.234,10.0.0.154,ICMP,12,9211,4.02,SYN,benign
2025-01-01 09:45:00,192.168.0.241,10.0.0.198,ICMP,16,2255,2.35,URG,benign
2025-01-01 09:46:00,192.168.0.113,10.0.0.245,UDP,12,1255,0.06,SYN,benign
2025-01-01 09:47:00,192.168.0.71,10.0.0.133,TCP,24,3666,1.14,URG,benign
2025-01-01 09:48:00,192.168.0.234,10.0.0.58,TCP,22,3910,0.07,URG,DoS
2025-01-01 09:49:00,192.168.0.218,10.0.0.95,ICMP,15,11524,0.96,RST,benign
2025-01-01 09:50:00,192.168.0.55,10.0.0.99,TCP,14,12134,0.02,URG,benign
2025-01-01 09:51:00,192.168.0.236,10.0.0.21,ICMP,24,10724,0.27,FIN,benign
2025-01-01 09:52:00,192.168.0.13,10.0.0.13,TCP,21,8735,1.11,URG,DoS
2025-01-01 09:53:00,192.168.0.93,10.0.0.220,TCP,18,4340,4.06,SYN,benign
2025-01-01 09:54:00,192.168.0.191,10.0.0.61,UDP,19,4813,1.14,ACK,benign
2025-01-01 09:55:00,192.168.0.128,10.0.0.250,ICMP,20,13218,0.8,URG,DoS
2025-01-01 09:56:00,192.168.0.189,10.0.0.134,TCP,18,13951,0.97,RST,benign
2025-01-01 09:57:00,192.168.0.166,10.0.0.213,UDP,18,10410,1.26,RST,benign
2025-01-01 09:58:00,192.168.0.82,10.0.0.54,UDP,15,4430,0.23,PSH,benign
2025-01-01 09:59:00,192.168.0.92,10.0.0.212,TCP,21,9584,0.41,ACK,benign
2025-01-01 10:00:00,192.168.0.124,10.0.0.12,TCP,18,5913,0.88,ACK,benign
2025-01-01 10:01:00,192.168.0.128,10.0.0.203,UDP,11,6361,0.69,PSH,benign
2025-01-01 10:02:00,192.168.0.42,10.0.0.64,UDP,23,4112,3.38,URG,benign
2025-01-01 10:03:00,192.168.0.106,10.0.0.120,TCP,11,13272,2.47,SYN,DoS
2025-01-01 10:04:00,192.168.0.44,10.0.0.178,ICMP,27,7449,0.51,ACK,benign
2025-01-01 10:05:00,192.168.0.65,10.0.0.117,ICMP,23,2185,5.8,SYN,benign
2025-01-01 10:06:00,192.168.0.39,10.0.0.165,TCP,27,8731,0.34,PSH,benign
2025-01-01 10:07:00,192.168.0.199,10.0.0.169,TCP,15,7422,2.49,SYN,benign
2025-01-01 10:08:00,192.168.0.146,10.0.0.41,ICMP,15,14490,14.0,RST,benign
2025-01-01 10:09:00,192.168.0.114,10.0.0.143,UDP,18,12932,0.33,FIN,DoS
2025-01-01 10:10:00,192.168.0.38,10.0.0.208,TCP,21,1868,2.44,FIN,benign
2025-01-01 10:11:00,192.168.0.31,10.0.0.250,UDP,22,12318,2.77,PSH,benign
2025-01-01 10:12:00,192.168.0.28,10.0.0.45,TCP,13,5336,0.02,ACK,benign
2025-01-01 10:13:00,192.168.0.169,10.0.0.135,ICMP,17,9800,0.18,RST,benign
2025-01-01 10:14:00,192.168.0.14,10.0.0.44,TCP,16,2120,6.71,RST,benign
2025-01-01 10:15:00,192.168.0.235,10.0.0.183,UDP,19,14884,5.06,ACK,DoS
2025-01-01 10:16:00,192.168.0.196,10.0.0.52,TCP,20,803,1.25,PSH,benign
2025-01-01 10:17:00,192.168.0.194,10.0.0.86,ICMP,19,7970,0.26,RST,benign
2025-01-01 10:18:00,192.168.0.155,10.0.0.71,TCP,20,4379,0.69,RST,benign
2025-01-01 10:19:00,192.168.0.21,10.0.0.245,UDP,24,991,2.09,RST,benign
2025-01-01 10:20:00,192.168.0.187,10.0.0.237,TCP,19,3515,0.24,RST,benign
2025-01-01 10:21:00,192.168.0.120,10.0.0.133,TCP,25,4947,0.19,URG,benign
2025-01-01 10:22:00,192.168.0.76,10.0.0.6,UDP,22,3546,1.54,ACK,DoS
2025-01-01 10:23:00,192.168.0.3,10.0.0.35,ICMP,16,12139,4.79,PSH,benign
2025-01-01 10:24:00,192.168.0.158,10.0.0.13,ICMP,17,11014,3.88,PSH,benign
2025-01-01 10:25:00,192.168.0.37,10.0.0.61,TCP,19,997,3.43,FIN,benign
2025-01-01 10:26:00,192.168.0.61,10.0.0.144,UDP,25,12295,0.26,URG,DoS
2025-01-01 10:27:00,192.168.0.11,10.0.0.148,TCP,17,2516,3.04,RST,benign
2025-01-01 10:28:00,192.168.0.63,10.0.0.123,ICMP,10,6250,1.14,SYN,benign
2025-01-01 10:29:00,192.168.0.47,10.0.0.107,TCP,17,6685,2.74,PSH,benign
2025-01-01 10:30:00,192.168.0.43,10.0.0.192,TCP,22,642,2.78,FIN,benign
2025-01-01 10:31:00,192.168.0.152,10.0.0.46,ICMP,22,1832,0.8,FIN,benign
2025-01-01 10:32:00,192.168.0.236,10.0.0.4,TCP,19,14767,4.29,ACK,benign
2025-01-01 10:33:00,192.168.0.179,10.0.0.224,TCP,14,3136,4.83,RST,benign
2025-01-01 10:34:00,192.168.0.11,10.0.0.60,ICMP,24,6520,3.87,SYN,benign
2025-01-01 10:35:00,192.168.0.100,10.0.0.222,ICMP,17,7503,1.29,FIN,benign
2025-01-01 10:36:00,192.168.0.221,10.0.0.154,ICMP,16,12895,5.82,FIN,benign
2025-01-01 10:37:00,192.168.0.104,10.0.0.132,UDP,25,2860,5.15,RST,benign
2025-01-01 10:38:00,192.168.0.35,10.0.0.144,UDP,14,3808,3.89,SYN,benign
2025-01-01 10:39:00,192.168.0.181,10.0.0.14,TCP,15,5921,3.34,PSH,benign
2025-01-01 10:40:00,192.168.0.119,10.0.0.109,UDP,26,1354,2.57,SYN,benign
2025-01-01 10:41:00,192.168.0.77,10.0.0.191,UDP,15,12436,1.58,FIN,DoS
2025-01-01 10:42:00,192.168.0.69,10.0.0.171,UDP,11,7024,0.21,FIN,benign
2025-01-01 10:43:00,192.168.0.131,10.0.0.205,ICMP,30,12914,5.01,SYN,benign
2025-01-01 10:44:00,192.168.0.53,10.0.0.193,UDP,28,3994,0.35,RST,benign
2025-01-01 10:45:00,192.168.0.57,10.0.0.52,TCP,24,3158,3.27,ACK,benign
2025-01-01 10:46:00,192.168.0.140,10.0.0.113,ICMP,25,5199,1.73,ACK,benign
2025-01-01 10:47:00,192.168.0.165,10.0.0.58,ICMP,21,14215,1.5,ACK,DoS
2025-01-01 10:48:00,192.168.0.22,10.0.0.251,ICMP,19,12175,3.05,ACK,benign
2025-01-01 10:49:00,192.168.0.23,10.0.0.250,TCP,15,3966,0.79,ACK,benign
2025-01-01 10:50:00,192.168.0.215,10.0.0.230,ICMP,20,2656,0.52,PSH,DoS
2025-01-01 10:51:00,192.168.0.118,10.0.0.201,TCP,23,8610,1.87,SYN,DoS
2025-01-01 10:52:00,192.168.0.54,10.0.0.146,UDP,18,2359,2.76,SYN,DoS
2025-01-01 10:53:00,192.168.0.68,10.0.0.189,UDP,13,1281,1.87,SYN,benign
2025-01-01 10:54:00,192.168.0.198,10.0.0.252,TCP,19,9517,0.7,RST,DoS
2025-01-01 10:55:00,192.168.0.108,10.0.0.172,UDP,11,13177,0.54,URG,benign
2025-01-01 10:56:00,192.168.0.102,10.0.0.46,ICMP,17,9827,1.63,FIN,benign
2025-01-01 10:57:00,192.168.0.217,10.0.0.35,UDP,18,3997,1.6,SYN,benign
2025-01-01 10:58:00,192.168.0.110,10.0.0.31,TCP,17,2503,2.55,URG,benign
2025-01-01 10:59:00,192.168.0.87,10.0.0.252,ICMP,25,7642,1.1,RST,benign
2025-01-01 11:00:00,192.168.0.8,10.0.0.85,ICMP,17,12045,0.08,ACK,benign
2025-01-01 11:01:00,192.168.0.14,10.0.0.118,ICMP,11,820,1.19,ACK,benign
2025-01-01 11:02:00,192.168.0.243,10.0.0.103,ICMP,14,5133,1.63,ACK,benign
2025-01-01 11:03:00,192.168.0.11,10.0.0.96,ICMP,27,14764,1.57,SYN,benign
2025-01-01 11:04:00,192.168.0.239,10.0.0.187,UDP,22,11057,1.27,URG,benign
2025-01-01 11:05:00,192.168.0.201,10.0.0.91,TCP,21,3978,2.04,RST,benign
2025-01-01 11:06:00,192.168.0.48,10.0.0.2,ICMP,22,10199,0.3,URG,benign
2025-01-01 11:07:00,192.168.0.165,10.0.0.195,ICMP,23,3799,0.17,SYN,benign
2025-01-01 11:08:00,192.168.0.8,10.0.0.91,UDP,29,681,0.48,URG,DoS
2025-01-01 11:09:00,192.168.0.43,10.0.0.184,UDP,14,851,2.95,SYN,benign
2025-01-01 11:10:00,192.168.0.201,10.0.0.37,ICMP,20,4952,0.07,FIN,benign
2025-01-01 11:11:00,192.168.0.146,10.0.0.45,ICMP,22,2223,2.05,ACK,benign
2025-01-01 11:12:00,192.168.0.195,10.0.0.214,TCP,21,1720,2.32,ACK,benign
2025-01-01 11:13:00,192.168.0.87,10.0.0.166,ICMP,12,7305,2.32,URG,benign
2025-01-01 11:14:00,192.168.0.37,10.0.0.133,UDP,26,13231,0.12,RST,benign
2025-01-01 11:15:00,192.168.0.65,10.0.0.111,ICMP,24,1043,1.31,URG,benign
2025-01-01 11:16:00,192.168.0.172,10.0.0.48,ICMP,27,13044,0.9,PSH,benign
2025-01-01 11:17:00,192.168.0.212,10.0.0.243,ICMP,26,3735,4.97,ACK,benign
2025-01-01 11:18:00,192.168.0.191,10.0.0.23,UDP,20,6994,3.3,ACK,benign
2025-01-01 11:19:00,192.168.0.127,10.0.0.134,UDP,19,12869,2.5,FIN,benign
2025-01-01 11:20:00,192.168.0.204,10.0.0.78,TCP,19,3302,0.31,PSH,benign
2025-01-01 11:21:00,192.168.0.177,10.0.0.212,TCP,21,9710,1.12,FIN,benign
2025-01-01 11:22:00,192.168.0.126,10.0.0.235,UDP,17,6209,2.77,PSH,benign
2025-01-01 11:23:00,192.168.0.148,10.0.0.38,TCP,26,1861,0.82,ACK,benign
2025-01-01 11:24:00,192.168.0.32,10.0.0.239,UDP,21,7718,1.66,RST,benign
2025-01-01 11:25:00,192.168.0.234,10.0.0.93,TCP,23,638,0.11,PSH,benign
2025-01-01 11:26:00,192.168.0.148,10.0.0.22,UDP,22,4995,1.29,URG,DoS
2025-01-01 11:27:00,192.168.0.14,10.0.0.96,ICMP,14,10813,3.8,FIN,benign
2025-01-01 11:28:00,192.168.0.34,10.0.0.108,UDP,27,4861,2.82,URG,benign
2025-01-01 11:29:00,192.168.0.47,10.0.0.67,TCP,21,12849,3.94,ACK,DoS
2025-01-01 11:30:00,192.168.0.53,10.0.0.37,TCP,20,10004,2.04,URG,benign
2025-01-01 11:31:00,192.168.0.153,10.0.0.166,ICMP,18,3795,5.0,FIN,benign
2025-01-01 11:32:00,192.168.0.86,10.0.0.140,ICMP,20,10051,5.39,PSH,DoS
2025-01-01 11:33:00,192.168.0.17,10.0.0.18,ICMP,15,1000,0.96,RST,benign
2025-01-01 11:34:00,192.168.0.223,10.0.0.80,TCP,22,7006,0.99,SYN,benign
2025-01-01 11:35:00,192.168.0.109,10.0.0.103,UDP,17,7439,5.47,RST,benign
2025-01-01 11:36:00,192.168.0.75,10.0.0.227,TCP,26,9486,3.95,FIN,benign
2025-01-01 11:37:00,192.168.0.157,10.0.0.168,UDP,22,2775,2.96,URG,DoS
2025-01-01 11:38:00,192.168.0.226,10.0.0.180,ICMP,24,14980,1.13,RST,DoS
2025-01-01 11:39:00,192.168.0.4,10.0.0.164,ICMP,15,6247,2.06,SYN,benign
2025-01-01 11:40:00,192.168.0.4,10.0.0.209,UDP,19,11087,0.05,URG,benign
2025-01-01 11:41:00,192.168.0.155,10.0.0.71,TCP,16,8262,2.43,PSH,benign
2025-01-01 11:42:00,192.168.0.119,10.0.0.22,TCP,26,11220,0.17,ACK,benign
2025-01-01 11:43:00,192.168.0.249,10.0.0.209,ICMP,21,13426,1.63,URG,benign
2025-01-01 11:44:00,192.168.0.24,10.0.0.219,TCP,22,1851,1.09,ACK,benign
2025-01-01 11:45:00,192.168.0.60,10.0.0.141,ICMP,22,5353,4.01,URG,benign
2025-01-01 11:46:00,192.168.0.215,10.0.0.1,TCP,25,11823,2.22,ACK,benign
2025-01-01 11:47:00,192.168.0.158,10.0.0.24,ICMP,12,14269,3.54,RST,benign
2025-01-01 11:48:00,192.168.0.6,10.0.0.67,ICMP,15,5680,2.0,FIN,DoS
2025-01-01 11:49:00,192.168.0.187,10.0.0.212,ICMP,25,6935,3.15,RST,benign
2025-01-01 11:50:00,192.168.0.29,10.0.0.216,ICMP,25,9736,1.25,PSH,benign
2025-01-01 11:51:00,192.168.0.196,10.0.0.20,ICMP,19,5642,0.17,SYN,benign
2025-01-01 11:52:00,192.168.0.10,10.0.0.125,TCP,14,2299,0.36,SYN,benign
2025-01-01 11:53:00,192.168.0.198,10.0.0.163,TCP,21,12678,0.36,SYN,benign
2025-01-01 11:54:00,192.168.0.174,10.0.0.76,TCP,16,9557,0.25,SYN,benign
2025-01-01 11:55:00,192.168.0.169,10.0.0.81,ICMP,16,12011,0.46,URG,benign
2025-01-01 11:56:00,192.168.0.221,10.0.0.59,ICMP,23,13459,1.91,SYN,benign
2025-01-01 11:57:00,192.168.0.82,10.0.0.154,UDP,13,12132,0.82,RST,benign
2025-01-01 11:58:00,192.168.0.152,10.0.0.223,UDP,29,612,0.32,SYN,benign
2025-01-01 11:59:00,192.168.0.247,10.0.0.174,UDP,28,4650,0.03,FIN,benign
2025-01-01 12:00:00,192.168.0.18,10.0.0.17,UDP,19,14819,2.67,SYN,benign
2025-01-01 12:01:00,192.168.0.144,10.0.0.212,ICMP,18,9255,4.74,RST,benign
2025-01-01 12:02:00,192.168.0.165,10.0.0.33,UDP,18,12368,6.23,SYN,DoS
2025-01-01 12:03:00,192.168.0.60,10.0.0.163,ICMP,20,750,7.52,RST,benign
2025-01-01 12:04:00,192.168.0.17,10.0.0.229,TCP,25,1790,3.88,URG,DoS
2025-01-01 12:05:00,192.168.0.51,10.0.0.130,TCP,17,14088,2.45,ACK,benign
2025-01-01 12:06:00,192.168.0.141,10.0.0.127,TCP,20,9707,1.07,ACK,benign
2025-01-01 12:07:00,192.168.0.234,10.0.0.112,ICMP,16,8483,0.63,SYN,benign
2025-01-01 12:08:00,192.168.0.144,10.0.0.252,TCP,21,3907,1.67,URG,benign
2025-01-01 12:09:00,192.168.0.198,10.0.0.160,ICMP,15,11943,1.06,ACK,DoS
2025-01-01 12:10:00,192.168.0.21,10.0.0.13,UDP,12,4102,1.45,ACK,benign
2025-01-01 12:11:00,192.168.0.38,10.0.0.219,UDP,22,5246,0.82,ACK,benign
2025-01-01 12:12:00,192.168.0.89,10.0.0.81,ICMP,13,1372,0.35,URG,benign
2025-01-01 12:13:00,192.168.0.215,10.0.0.98,ICMP,24,8135,0.45,PSH,benign
2025-01-01 12:14:00,192.168.0.22,10.0.0.223,TCP,19,5833,3.78,URG,benign
2025-01-01 12:15:00,192.168.0.139,10.0.0.5,UDP,21,5591,0.54,RST,benign
2025-01-01 12:16:00,192.168.0.186,10.0.0.198,UDP,20,2839,1.26,PSH,benign
2025-01-01 12:17:00,192.168.0.6,10.0.0.101,UDP,13,10258,1.06,FIN,benign
2025-01-01 12:18:00,192.168.0.188,10.0.0.84,UDP,23,8068,0.06,ACK,benign
2025-01-01 12:19:00,192.168.0.192,10.0.0.6,TCP,20,6953,1.73,FIN,benign
2025-01-01 12:20:00,192.168.0.15,10.0.0.145,UDP,22,11209,0.2,RST,DoS
2025-01-01 12:21:00,192.168.0.111,10.0.0.3,UDP,18,7887,0.35,URG,benign
2025-01-01 12:22:00,192.168.0.159,10.0.0.251,TCP,38,13927,4.63,RST,benign
2025-01-01 12:23:00,192.168.0.245,10.0.0.9,UDP,23,2189,1.32,ACK,benign
2025-01-01 12:24:00,192.168.0.122,10.0.0.169,TCP,23,2005,2.13,PSH,benign
2025-01-01 12:25:00,192.168.0.170,10.0.0.51,TCP,25,10772,1.88,SYN,benign
2025-01-01 12:26:00,192.168.0.138,10.0.0.158,UDP,23,14635,0.3,RST,benign
2025-01-01 12:27:00,192.168.0.16,10.0.0.51,ICMP,11,13341,0.56,URG,benign
2025-01-01 12:28:00,192.168.0.192,10.0.0.60,TCP,16,8407,3.58,ACK,DoS
2025-01-01 12:29:00,192.168.0.242,10.0.0.121,UDP,23,4643,1.59,URG,benign
2025-01-01 12:30:00,192.168.0.114,10.0.0.214,TCP,22,4314,0.85,SYN,benign
2025-01-01 12:31:00,192.168.0.246,10.0.0.254,TCP,20,10178,4.53,SYN,DoS
2025-01-01 12:32:00,192.168.0.153,10.0.0.223,ICMP,20,11175,3.67,ACK,benign
2025-01-01 12:33:00,192.168.0.122,10.0.0.145,TCP,16,6613,1.99,ACK,benign
2025-01-01 12:34:00,192.168.0.164,10.0.0.115,UDP,18,1215,4.12,URG,benign
2025-01-01 12:35:00,192.168.0.39,10.0.0.79,UDP,21,3700,0.28,RST,benign
2025-01-01 12:36:00,192.168.0.206,10.0.0.142,UDP,23,967,1.34,URG,benign
2025-01-01 12:37:00,192.168.0.208,10.0.0.189,TCP,20,13604,3.23,PSH,DoS
2025-01-01 12:38:00,192.168.0.135,10.0.0.150,TCP,17,11542,1.02,URG,benign
2025-01-01 12:39:00,192.168.0.178,10.0.0.37,ICMP,19,7371,4.27,FIN,benign
2025-01-01 12:40:00,192.168.0.217,10.0.0.156,ICMP,20,14661,3.52,RST,DoS
2025-01-01 12:41:00,192.168.0.52,10.0.0.101,ICMP,17,7063,1.74,SYN,benign
2025-01-01 12:42:00,192.168.0.239,10.0.0.144,TCP,22,9247,1.96,FIN,DoS
2025-01-01 12:43:00,192.168.0.149,10.0.0.217,ICMP,20,4840,3.04,ACK,benign
2025-01-01 12:44:00,192.168.0.244,10.0.0.131,UDP,27,12973,2.52,ACK,benign
2025-01-01 12:45:00,192.168.0.213,10.0.0.67,UDP,16,2637,0.55,ACK,benign
2025-01-01 12:46:00,192.168.0.44,10.0.0.123,TCP,25,7399,0.51,RST,benign
2025-01-01 12:47:00,192.168.0.202,10.0.0.69,ICMP,23,3920,0.94,ACK,benign
2025-01-01 12:48:00,192.168.0.9,10.0.0.54,ICMP,25,12813,0.86,PSH,benign
2025-01-01 12:49:00,192.168.0.252,10.0.0.17,UDP,19,543,5.18,RST,benign
2025-01-01 12:50:00,192.168.0.41,10.0.0.35,ICMP,24,4811,1.97,SYN,benign
2025-01-01 12:51:00,192.168.0.100,10.0.0.92,TCP,19,8168,0.81,SYN,benign
2025-01-01 12:52:00,192.168.0.55,10.0.0.155,ICMP,25,2457,0.15,FIN,benign
2025-01-01 12:53:00,192.168.0.8,10.0.0.50,UDP,22,5027,5.23,FIN,benign
2025-01-01 12:54:00,192.168.0.22,10.0.0.145,TCP,20,6431,4.77,RST,benign
2025-01-01 12:55:00,192.168.0.107,10.0.0.148,UDP,30,7634,0.84,PSH,benign
2025-01-01 12:56:00,192.168.0.127,10.0.0.234,TCP,16,11588,0.3,ACK,benign
2025-01-01 12:57:00,192.168.0.187,10.0.0.243,UDP,20,6503,0.1,SYN,benign
2025-01-01 12:58:00,192.168.0.138,10.0.0.71,ICMP,17,12714,3.23,SYN,benign
2025-01-01 12:59:00,192.168.0.9,10.0.0.77,ICMP,19,6506,0.39,RST,benign
2025-01-01 13:00:00,192.168.0.254,10.0.0.151,ICMP,18,11577,1.13,URG,benign
2025-01-01 13:01:00,192.168.0.115,10.0.0.9,TCP,24,12746,3.19,FIN,benign
2025-01-01 13:02:00,192.168.0.139,10.0.0.31,UDP,17,10536,0.75,ACK,benign
2025-01-01 13:03:00,192.168.0.41,10.0.0.36,UDP,15,3591,0.3,PSH,benign
2025-01-01 13:04:00,192.168.0.45,10.0.0.82,ICMP,26,5747,0.7,ACK,benign
2025-01-01 13:05:00,192.168.0.215,10.0.0.220,UDP,23,2798,1.82,ACK,benign
2025-01-01 13:06:00,192.168.0.241,10.0.0.188,ICMP,19,6580,0.85,RST,benign
2025-01-01 13:07:00,192.168.0.94,10.0.0.76,ICMP,20,1577,0.23,FIN,DoS
2025-01-01 13:08:00,192.168.0.196,10.0.0.226,TCP,23,7596,0.02,ACK,benign
2025-01-01 13:09:00,192.168.0.26,10.0.0.159,TCP,17,12743,0.96,RST,DoS
2025-01-01 13:10:00,192.168.0.105,10.0.0.208,UDP,23,12525,2.34,RST,benign
2025-01-01 13:11:00,192.168.0.182,10.0.0.39,TCP,19,10977,4.21,SYN,benign
2025-01-01 13:12:00,192.168.0.177,10.0.0.20,TCP,19,3673,4.91,ACK,benign
2025-01-01 13:13:00,192.168.0.48,10.0.0.57,ICMP,20,11202,3.41,FIN,benign
2025-01-01 13:14:00,192.168.0.167,10.0.0.121,UDP,22,3464,0.01,FIN,DoS
2025-01-01 13:15:00,192.168.0.235,10.0.0.153,UDP,21,14071,0.34,FIN,DoS
2025-01-01 13:16:00,192.168.0.239,10.0.0.60,ICMP,22,13515,1.54,SYN,benign
2025-01-01 13:17:00,192.168.0.204,10.0.0.169,TCP,17,9303,1.29,FIN,benign
2025-01-01 13:18:00,192.168.0.192,10.0.0.218,ICMP,16,6963,3.36,PSH,benign
2025-01-01 13:19:00,192.168.0.243,10.0.0.60,ICMP,17,12119,2.07,PSH,benign
2025-01-01 13:20:00,192.168.0.176,10.0.0.90,ICMP,20,2875,0.5,ACK,benign
2025-01-01 13:21:00,192.168.0.159,10.0.0.162,ICMP,14,6473,4.27,ACK,benign
2025-01-01 13:22:00,192.168.0.175,10.0.0.161,TCP,19,9566,0.67,FIN,benign
2025-01-01 13:23:00,192.168.0.46,10.0.0.80,UDP,18,13783,4.65,SYN,DoS
2025-01-01 13:24:00,192.168.0.136,10.0.0.90,TCP,22,8800,4.61,SYN,DoS
2025-01-01 13:25:00,192.168.0.41,10.0.0.99,ICMP,26,13646,0.55,PSH,DoS
2025-01-01 13:26:00,192.168.0.82,10.0.0.84,ICMP,20,1999,1.72,FIN,benign
2025-01-01 13:27:00,192.168.0.182,10.0.0.203,TCP,27,1886,0.12,RST,DoS
2025-01-01 13:28:00,192.168.0.160,10.0.0.54,TCP,20,10558,4.29,URG,DoS
2025-01-01 13:29:00,192.168.0.69,10.0.0.64,UDP,27,3026,0.11,URG,benign
2025-01-01 13:30:00,192.168.0.130,10.0.0.112,ICMP,24,4983,0.15,SYN,benign
2025-01-01 13:31:00,192.168.0.209,10.0.0.77,TCP,16,10015,0.46,SYN,benign
2025-01-01 13:32:00,192.168.0.207,10.0.0.160,UDP,19,3827,3.96,FIN,benign
2025-01-01 13:33:00,192.168.0.172,10.0.0.91,ICMP,16,11941,0.53,PSH,benign
2025-01-01 13:34:00,192.168.0.210,10.0.0.83,UDP,16,4414,1.43,RST,benign
2025-01-01 13:35:00,192.168.0.69,10.0.0.56,TCP,25,8005,1.07,URG,DoS
2025-01-01 13:36:00,192.168.0.206,10.0.0.157,TCP,16,8077,2.19,RST,benign
2025-01-01 13:37:00,192.168.0.160,10.0.0.206,TCP,26,9803,3.83,PSH,benign
2025-01-01 13:38:00,192.168.0.225,10.0.0.150,ICMP,23,8964,1.16,FIN,benign
2025-01-01 13:39:00,192.168.0.117,10.0.0.47,ICMP,16,14470,0.29,ACK,DoS
2025-01-01 13:40:00,192.168.0.218,10.0.0.185,TCP,18,13945,1.1,RST,DoS
2025-01-01 13:41:00,192.168.0.35,10.0.0.71,ICMP,16,11508,0.97,ACK,DoS
2025-01-01 13:42:00,192.168.0.106,10.0.0.48,UDP,21,11690,0.59,PSH,benign
2025-01-01 13:43:00,192.168.0.195,10.0.0.163,TCP,13,2160,1.48,SYN,benign
2025-01-01 13:44:00,192.168.0.23,10.0.0.25,UDP,24,1192,1.69,RST,DoS
2025-01-01 13:45:00,192.168.0.216,10.0.0.150,UDP,20,2571,1.05,FIN,DoS
2025-01-01 13:46:00,192.168.0.35,10.0.0.164,TCP,24,599,5.25,URG,benign
2025-01-01 13:47:00,192.168.0.92,10.0.0.188,UDP,19,10876,2.39,ACK,DoS
2025-01-01 13:48:00,192.168.0.146,10.0.0.119,ICMP,21,12585,9.41,FIN,DoS
2025-01-01 13:49:00,192.168.0.144,10.0.0.248,TCP,17,8435,3.02,URG,benign
2025-01-01 13:50:00,192.168.0.42,10.0.0.86,UDP,21,1392,2.26,URG,benign
2025-01-01 13:51:00,192.168.0.248,10.0.0.200,UDP,16,14075,1.02,ACK,benign
2025-01-01 13:52:00,192.168.0.199,10.0.0.170,UDP,27,4514,0.01,PSH,DoS
2025-01-01 13:53:00,192.168.0.238,10.0.0.234,ICMP,22,7112,3.8,PSH,benign
2025-01-01 13:54:00,192.168.0.149,10.0.0.220,TCP,15,3669,0.54,PSH,DoS
2025-01-01 13:55:00,192.168.0.141,10.0.0.124,TCP,27,7075,6.75,RST,DoS
2025-01-01 13:56:00,192.168.0.87,10.0.0.251,TCP,23,7602,3.07,URG,DoS
2025-01-01 13:57:00,192.168.0.93,10.0.0.173,TCP,23,2473,1.07,ACK,benign
2025-01-01 13:58:00,192.168.0.67,10.0.0.151,UDP,22,11745,0.7,ACK,benign
2025-01-01 13:59:00,192.168.0.140,10.0.0.33,ICMP,28,2157,0.3,ACK,benign
2025-01-01 14:00:00,192.168.0.169,10.0.0.102,UDP,17,13937,0.44,PSH,benign
2025-01-01 14:01:00,192.168.0.128,10.0.0.40,TCP,22,14584,1.46,PSH,benign
2025-01-01 14:02:00,192.168.0.50,10.0.0.158,UDP,18,12347,6.8,SYN,benign
2025-01-01 14:03:00,192.168.0.155,10.0.0.169,ICMP,23,10615,2.49,ACK,benign
2025-01-01 14:04:00,192.168.0.254,10.0.0.48,ICMP,23,1088,0.66,PSH,benign
2025-01-01 14:05:00,192.168.0.7,10.0.0.197,ICMP,17,4836,1.53,PSH,benign
2025-01-01 14:06:00,192.168.0.76,10.0.0.103,TCP,20,9209,3.81,PSH,benign
2025-01-01 14:07:00,192.168.0.160,10.0.0.43,UDP,16,14602,0.64,ACK,benign
2025-01-01 14:08:00,192.168.0.105,10.0.0.170,ICMP,18,1106,2.24,SYN,benign
2025-01-01 14:09:00,192.168.0.85,10.0.0.82,UDP,17,7573,3.01,RST,DoS
2025-01-01 14:10:00,192.168.0.60,10.0.0.150,UDP,18,9763,0.27,ACK,benign
2025-01-01 14:11:00,192.168.0.120,10.0.0.165,TCP,23,14536,4.74,ACK,benign
2025-01-01 14:12:00,192.168.0.170,10.0.0.144,ICMP,18,10688,0.35,RST,benign
2025-01-01 14:13:00,192.168.0.236,10.0.0.90,TCP,19,9896,0.69,RST,benign
2025-01-01 14:14:00,192.168.0.164,10.0.0.211,TCP,25,995,1.33,URG,benign
2025-01-01 14:15:00,192.168.0.215,10.0.0.102,ICMP,23,2373,0.23,FIN,benign
2025-01-01 14:16:00,192.168.0.162,10.0.0.232,ICMP,18,11328,3.03,URG,benign
2025-01-01 14:17:00,192.168.0.89,10.0.0.64,TCP,17,3269,2.15,ACK,benign
2025-01-01 14:18:00,192.168.0.120,10.0.0.56,ICMP,16,10240,1.63,RST,benign
2025-01-01 14:19:00,192.168.0.164,10.0.0.106,TCP,21,9024,2.85,SYN,DoS
2025-01-01 14:20:00,192.168.0.178,10.0.0.67,UDP,21,9903,1.72,ACK,benign
2025-01-01 14:21:00,192.168.0.50,10.0.0.168,ICMP,17,6270,1.25,FIN,benign
2025-01-01 14:22:00,192.168.0.138,10.0.0.62,ICMP,20,645,0.77,ACK,benign
2025-01-01 14:23:00,192.168.0.227,10.0.0.123,TCP,13,14762,1.35,RST,benign
2025-01-01 14:24:00,192.168.0.252,10.0.0.104,UDP,23,10228,0.46,RST,benign
2025-01-01 14:25:00,192.168.0.40,10.0.0.211,ICMP,29,6620,0.07,RST,DoS
2025-01-01 14:26:00,192.168.0.195,10.0.0.225,TCP,26,10173,4.92,URG,benign
2025-01-01 14:27:00,192.168.0.225,10.0.0.140,TCP,14,5113,2.3,ACK,benign
2025-01-01 14:28:00,192.168.0.226,10.0.0.242,TCP,12,8675,0.94,ACK,benign
2025-01-01 14:29:00,192.168.0.49,10.0.0.1,TCP,21,9567,5.14,FIN,benign
2025-01-01 14:30:00,192.168.0.41,10.0.0.217,ICMP,14,9342,1.88,RST,benign
2025-01-01 14:31:00,192.168.0.100,10.0.0.197,ICMP,18,10434,1.66,PSH,benign
2025-01-01 14:32:00,192.168.0.223,10.0.0.56,TCP,19,13846,9.42,RST,benign
2025-01-01 14:33:00,192.168.0.58,10.0.0.181,UDP,16,10282,5.68,RST,benign
2025-01-01 14:34:00,192.168.0.135,10.0.0.239,UDP,19,1469,0.42,SYN,benign
2025-01-01 14:35:00,192.168.0.91,10.0.0.106,UDP,23,14915,3.19,FIN,DoS
2025-01-01 14:36:00,192.168.0.9,10.0.0.134,UDP,24,14641,2.56,ACK,benign
2025-01-01 14:37:00,192.168.0.24,10.0.0.101,UDP,20,9689,0.48,FIN,benign
2025-01-01 14:38:00,192.168.0.55,10.0.0.152,UDP,28,13788,0.45,FIN,DoS
2025-01-01 14:39:00,192.168.0.160,10.0.0.55,TCP,17,12157,1.49,SYN,benign
2025-01-01 14:40:00,192.168.0.208,10.0.0.152,ICMP,24,13433,1.56,URG,benign
2025-01-01 14:41:00,192.168.0.139,10.0.0.102,UDP,28,14322,0.3,ACK,benign
2025-01-01 14:42:00,192.168.0.29,10.0.0.119,ICMP,18,1642,0.15,SYN,DoS
2025-01-01 14:43:00,192.168.0.236,10.0.0.156,UDP,24,11785,1.64,SYN,benign
2025-01-01 14:44:00,192.168.0.23,10.0.0.7,ICMP,25,2701,2.98,PSH,benign
2025-01-01 14:45:00,192.168.0.128,10.0.0.33,TCP,18,6138,1.4,RST,benign
2025-01-01 14:46:00,192.168.0.136,10.0.0.56,TCP,19,11207,0.71,FIN,benign
2025-01-01 14:47:00,192.168.0.110,10.0.0.194,ICMP,19,14547,5.2,URG,benign
2025-01-01 14:48:00,192.168.0.200,10.0.0.101,ICMP,18,8543,0.04,ACK,DoS
2025-01-01 14:49:00,192.168.0.130,10.0.0.161,ICMP,15,8579,2.02,URG,DoS
2025-01-01 14:50:00,192.168.0.118,10.0.0.204,TCP,17,2339,0.0,PSH,benign
2025-01-01 14:51:00,192.168.0.169,10.0.0.164,ICMP,20,11773,4.37,PSH,benign
2025-01-01 14:52:00,192.168.0.173,10.0.0.11,TCP,19,2922,2.15,FIN,benign
2025-01-01 14:53:00,192.168.0.165,10.0.0.147,UDP,17,9377,0.99,ACK,benign
2025-01-01 14:54:00,192.168.0.137,10.0.0.29,ICMP,21,3324,2.28,PSH,benign
2025-01-01 14:55:00,192.168.0.50,10.0.0.132,TCP,22,9247,2.6,SYN,DoS
2025-01-01 14:56:00,192.168.0.157,10.0.0.115,UDP,24,5980,1.15,FIN,benign
2025-01-01 14:57:00,192.168.0.208,10.0.0.39,ICMP,17,11363,0.78,SYN,benign
2025-01-01 14:58:00,192.168.0.223,10.0.0.80,TCP,19,3286,0.13,URG,benign
2025-01-01 14:59:00,192.168.0.149,10.0.0.110,TCP,23,2044,0.61,PSH,benign
2025-01-01 15:00:00,192.168.0.243,10.0.0.102,TCP,20,13899,5.95,ACK,benign
2025-01-01 15:01:00,192.168.0.206,10.0.0.139,UDP,8,3510,3.19,FIN,DoS
2025-01-01 15:02:00,192.168.0.39,10.0.0.210,UDP,28,8183,3.7,FIN,benign
2025-01-01 15:03:00,192.168.0.94,10.0.0.242,ICMP,22,10114,2.1,RST,benign
2025-01-01 15:04:00,192.168.0.180,10.0.0.87,UDP,16,11632,4.57,URG,benign
2025-01-01 15:05:00,192.168.0.176,10.0.0.38,ICMP,24,2706,0.97,FIN,benign
2025-01-01 15:06:00,192.168.0.136,10.0.0.98,UDP,15,6514,4.68,FIN,benign
2025-01-01 15:07:00,192.168.0.25,10.0.0.184,TCP,21,11550,1.28,RST,benign
2025-01-01 15:08:00,192.168.0.244,10.0.0.72,TCP,15,4617,0.3,ACK,DoS
2025-01-01 15:09:00,192.168.0.52,10.0.0.211,TCP,20,2415,6.34,RST,benign
2025-01-01 15:10:00,192.168.0.176,10.0.0.140,UDP,19,3039,1.35,FIN,benign
2025-01-01 15:11:00,192.168.0.239,10.0.0.162,ICMP,17,9294,1.0,PSH,benign
2025-01-01 15:12:00,192.168.0.48,10.0.0.65,ICMP,12,3749,3.45,RST,benign
2025-01-01 15:13:00,192.168.0.231,10.0.0.103,ICMP,22,6272,0.11,URG,DoS
2025-01-01 15:14:00,192.168.0.181,10.0.0.50,TCP,14,14755,4.48,SYN,benign
2025-01-01 15:15:00,192.168.0.85,10.0.0.142,TCP,19,4364,0.98,ACK,DoS
2025-01-01 15:16:00,192.168.0.247,10.0.0.201,UDP,24,13927,0.24,PSH,benign
2025-01-01 15:17:00,192.168.0.89,10.0.0.1,ICMP,18,1917,0.31,SYN,benign
2025-01-01 15:18:00,192.168.0.171,10.0.0.180,ICMP,27,4208,2.46,URG,benign
2025-01-01 15:19:00,192.168.0.85,10.0.0.246,UDP,24,2480,5.43,SYN,DoS
2025-01-01 15:20:00,192.168.0.45,10.0.0.193,TCP,18,14956,2.41,RST,benign
2025-01-01 15:21:00,192.168.0.197,10.0.0.59,TCP,21,6311,2.81,FIN,DoS
2025-01-01 15:22:00,192.168.0.46,10.0.0.111,UDP,15,9670,0.48,ACK,DoS
2025-01-01 15:23:00,192.168.0.189,10.0.0.166,TCP,22,3548,3.04,PSH,benign
2025-01-01 15:24:00,192.168.0.138,10.0.0.51,UDP,19,8663,5.3,ACK,benign
2025-01-01 15:25:00,192.168.0.112,10.0.0.59,ICMP,17,10195,2.19,PSH,benign
2025-01-01 15:26:00,192.168.0.3,10.0.0.38,UDP,17,13932,1.92,PSH,benign
2025-01-01 15:27:00,192.168.0.182,10.0.0.168,TCP,24,7783,5.65,SYN,benign
2025-01-01 15:28:00,192.168.0.125,10.0.0.119,ICMP,19,9843,2.53,URG,benign
2025-01-01 15:29:00,192.168.0.192,10.0.0.116,ICMP,23,9807,1.88,FIN,benign
2025-01-01 15:30:00,192.168.0.243,10.0.0.113,UDP,14,8220,0.16,PSH,DoS
2025-01-01 15:31:00,192.168.0.96,10.0.0.70,ICMP,20,9863,0.23,RST,benign
2025-01-01 15:32:00,192.168.0.165,10.0.0.174,TCP,31,4962,2.15,URG,benign
2025-01-01 15:33:00,192.168.0.251,10.0.0.166,ICMP,19,12646,2.27,ACK,benign
2025-01-01 15:34:00,192.168.0.58,10.0.0.175,TCP,16,1214,0.17,FIN,benign
2025-01-01 15:35:00,192.168.0.180,10.0.0.55,ICMP,12,9501,1.12,SYN,DoS
2025-01-01 15:36:00,192.168.0.74,10.0.0.114,UDP,23,2255,3.06,FIN,benign
2025-01-01 15:37:00,192.168.0.32,10.0.0.195,ICMP,20,14434,1.27,FIN,benign
2025-01-01 15:38:00,192.168.0.59,10.0.0.245,TCP,25,3537,1.93,URG,benign
2025-01-01 15:39:00,192.168.0.217,10.0.0.17,ICMP,22,1971,0.34,ACK,benign
2025-01-01 15:40:00,192.168.0.94,10.0.0.107,UDP,13,10103,3.19,RST,benign
2025-01-01 15:41:00,192.168.0.77,10.0.0.155,ICMP,23,10667,0.1,ACK,benign
2025-01-01 15:42:00,192.168.0.120,10.0.0.57,TCP,15,1740,3.14,PSH,benign
2025-01-01 15:43:00,192.168.0.89,10.0.0.185,UDP,22,9985,1.58,PSH,benign
2025-01-01 15:44:00,192.168.0.150,10.0.0.85,UDP,12,4492,6.08,RST,benign
2025-01-01 15:45:00,192.168.0.20,10.0.0.215,UDP,23,4892,0.43,RST,benign
2025-01-01 15:46:00,192.168.0.41,10.0.0.186,TCP,21,12458,12.31,ACK,DoS
2025-01-01 15:47:00,192.168.0.166,10.0.0.45,TCP,22,3676,0.21,FIN,benign
2025-01-01 15:48:00,192.168.0.141,10.0.0.228,ICMP,20,3576,0.12,SYN,benign
2025-01-01 15:49:00,192.168.0.211,10.0.0.64,UDP,19,3047,1.8,PSH,benign
2025-01-01 15:50:00,192.168.0.42,10.0.0.230,UDP,14,7356,0.94,ACK,DoS
2025-01-01 15:51:00,192.168.0.244,10.0.0.107,UDP,17,779,0.21,URG,benign
2025-01-01 15:52:00,192.168.0.181,10.0.0.14,TCP,30,9279,2.41,SYN,benign
2025-01-01 15:53:00,192.168.0.206,10.0.0.141,UDP,22,11050,0.39,ACK,benign
2025-01-01 15:54:00,192.168.0.95,10.0.0.230,UDP,16,8833,0.02,ACK,benign
2025-01-01 15:55:00,192.168.0.252,10.0.0.186,TCP,21,7158,1.07,FIN,benign
2025-01-01 15:56:00,192.168.0.44,10.0.0.71,TCP,20,8447,1.09,PSH,benign
2025-01-01 15:57:00,192.168.0.216,10.0.0.61,ICMP,15,13387,2.86,SYN,benign
2025-01-01 15:58:00,192.168.0.128,10.0.0.205,TCP,19,3261,3.64,FIN,DoS
2025-01-01 15:59:00,192.168.0.106,10.0.0.111,UDP,16,9552,0.39,ACK,benign
2025-01-01 16:00:00,192.168.0.47,10.0.0.183,ICMP,28,11817,5.86,FIN,DoS
2025-01-01 16:01:00,192.168.0.225,10.0.0.107,ICMP,12,10086,2.28,RST,benign
2025-01-01 16:02:00,192.168.0.90,10.0.0.108,TCP,15,14179,4.99,SYN,benign
2025-01-01 16:03:00,192.168.0.240,10.0.0.225,ICMP,14,8607,2.54,FIN,benign
2025-01-01 16:04:00,192.168.0.4,10.0.0.83,TCP,17,2468,8.46,FIN,benign
2025-01-01 16:05:00,192.168.0.165,10.0.0.34,ICMP,22,11195,1.12,ACK,benign
2025-01-01 16:06:00,192.168.0.192,10.0.0.158,UDP,20,12649,0.73,URG,benign
2025-01-01 16:07:00,192.168.0.231,10.0.0.121,UDP,17,713,3.48,ACK,DoS
2025-01-01 16:08:00,192.168.0.189,10.0.0.135,ICMP,24,3508,0.49,SYN,DoS
2025-01-01 16:09:00,192.168.0.148,10.0.0.34,TCP,22,7059,2.69,FIN,DoS
2025-01-01 16:10:00,192.168.0.172,10.0.0.149,TCP,20,6120,1.88,ACK,benign
2025-01-01 16:11:00,192.168.0.199,10.0.0.227,TCP,26,10642,1.86,PSH,benign
2025-01-01 16:12:00,192.168.0.16,10.0.0.214,UDP,27,10475,3.01,FIN,benign
2025-01-01 16:13:00,192.168.0.45,10.0.0.173,UDP,22,4587,3.62,ACK,benign
2025-01-01 16:14:00,192.168.0.234,10.0.0.75,UDP,14,13131,10.59,PSH,benign
2025-01-01 16:15:00,192.168.0.96,10.0.0.131,UDP,16,14173,0.56,ACK,benign
2025-01-01 16:16:00,192.168.0.87,10.0.0.53,ICMP,23,13790,0.41,URG,benign
2025-01-01 16:17:00,192.168.0.191,10.0.0.188,UDP,19,4550,1.13,PSH,benign
2025-01-01 16:18:00,192.168.0.190,10.0.0.235,ICMP,16,11504,3.28,FIN,benign
2025-01-01 16:19:00,192.168.0.51,10.0.0.228,UDP,15,13097,0.16,ACK,benign
2025-01-01 16:20:00,192.168.0.180,10.0.0.229,TCP,19,14926,0.48,SYN,benign
2025-01-01 16:21:00,192.168.0.139,10.0.0.55,TCP,15,8048,0.48,SYN,benign
2025-01-01 16:22:00,192.168.0.191,10.0.0.193,TCP,24,5001,4.08,PSH,benign
2025-01-01 16:23:00,192.168.0.239,10.0.0.154,UDP,21,5728,0.5,SYN,benign
2025-01-01 16:24:00,192.168.0.60,10.0.0.135,UDP,20,10676,0.52,FIN,benign
2025-01-01 16:25:00,192.168.0.167,10.0.0.126,ICMP,20,8655,3.06,SYN,benign
2025-01-01 16:26:00,192.168.0.12,10.0.0.24,UDP,23,13561,6.34,ACK,benign
2025-01-01 16:27:00,192.168.0.9,10.0.0.63,TCP,18,5980,1.29,ACK,benign
2025-01-01 16:28:00,192.168.0.166,10.0.0.32,UDP,29,5125,0.39,FIN,benign
2025-01-01 16:29:00,192.168.0.2,10.0.0.116,UDP,18,13414,2.0,PSH,benign
2025-01-01 16:30:00,192.168.0.46,10.0.0.63,TCP,21,13429,0.23,FIN,benign
2025-01-01 16:31:00,192.168.0.175,10.0.0.82,ICMP,20,9139,2.35,ACK,benign
2025-01-01 16:32:00,192.168.0.73,10.0.0.161,ICMP,16,4723,2.51,RST,benign
2025-01-01 16:33:00,192.168.0.3,10.0.0.249,UDP,14,14723,7.97,PSH,benign
2025-01-01 16:34:00,192.168.0.189,10.0.0.243,UDP,28,2863,5.1,URG,DoS
2025-01-01 16:35:00,192.168.0.112,10.0.0.176,UDP,15,12535,2.91,URG,benign
2025-01-01 16:36:00,192.168.0.235,10.0.0.132,UDP,13,8549,1.17,ACK,DoS
2025-01-01 16:37:00,192.168.0.14,10.0.0.246,UDP,15,5505,0.96,PSH,benign
2025-01-01 16:38:00,192.168.0.204,10.0.0.74,TCP,22,1811,0.6,FIN,benign
2025-01-01 16:39:00,192.168.0.7,10.0.0.30,UDP,15,8314,1.0,ACK,benign
